Date,Price,Open,High,Low,Vol.,Change %
2017-12-01,13000.0,13050.0,13100.0,12900.0,3.31M,-0.76%
2017-12-04,13700.0,13100.0,13700.0,13050.0,10.09M,5.38%
2017-12-05,13000.0,13700.0,13700.0,13000.0,5.93M,-5.11%
2017-12-06,13250.0,13000.0,13250.0,12800.0,7.18M,1.92%
2017-12-07,13000.0,13300.0,13350.0,12850.0,5.84M,-1.89%
2017-12-08,12950.0,12950.0,13050.0,12850.0,3.17M,-0.38%
2017-12-11,12300.0,12800.0,12850.0,12300.0,4.12M,-5.02%
2017-12-12,12450.0,12400.0,12550.0,11450.0,6.71M,1.22%
2017-12-13,12000.0,12500.0,12500.0,12000.0,1.79M,-3.61%
2017-12-14,12500.0,11900.0,12500.0,11900.0,2.54M,4.17%
2017-12-15,12700.0,12500.0,12700.0,12300.0,3.32M,1.60%
2017-12-18,12750.0,12950.0,12950.0,12600.0,3.90M,0.39%
2017-12-19,12550.0,12900.0,12900.0,12500.0,3.00M,-1.57%
2017-12-20,12550.0,12550.0,12750.0,12450.0,2.96M,0.00%
2017-12-21,12300.0,12600.0,12650.0,12300.0,3.19M,-1.99%
2017-12-22,12550.0,12300.0,12650.0,12300.0,4.06M,2.03%
2017-12-25,12350.0,12650.0,12750.0,12300.0,3.77M,-1.59%
2017-12-26,12600.0,12450.0,12600.0,12350.0,3.69M,2.02%
2017-12-27,12850.0,12650.0,13100.0,12600.0,18.18M,1.98%
2017-12-28,12950.0,12900.0,13100.0,12850.0,9.64M,0.78%
2017-12-29,12850.0,13000.0,13050.0,12800.0,7.27M,-0.77%
2018-01-02,13400.0,12850.0,13500.0,12700.0,16.33M,4.28%
2018-01-03,13350.0,13500.0,13600.0,13250.0,15.70M,-0.37%
2018-01-04,13600.0,13350.0,13850.0,13350.0,26.49M,1.87%
2018-01-05,13600.0,13700.0,13800.0,13450.0,17.26M,0.00%
2018-01-08,14550.0,13700.0,14550.0,13700.0,33.85M,6.99%
2018-01-09,14850.0,15050.0,15250.0,14600.0,36.24M,2.06%
2018-01-10,15600.0,14700.0,15650.0,14500.0,49.56M,5.05%
2018-01-11,16250.0,15400.0,16500.0,15200.0,24.14M,4.17%
2018-01-12,15500.0,16100.0,16500.0,15500.0,34.24M,-4.62%
2018-01-15,15350.0,15350.0,15600.0,14950.0,37.46M,-0.97%
2018-01-16,14950.0,15000.0,15200.0,14750.0,42.13M,-2.61%
2018-01-17,14300.0,15100.0,15200.0,14300.0,27.47M,-4.35%
2018-01-18,15000.0,14150.0,15000.0,13900.0,31.29M,4.90%
2018-01-19,15450.0,15100.0,15600.0,14900.0,28.63M,3.00%
2018-01-22,15100.0,15300.0,15500.0,14850.0,24.13M,-2.27%
2018-01-25,15400.0,15200.0,15900.0,14850.0,48.55M,1.99%
2018-01-26,15700.0,15600.0,15900.0,15200.0,22.85M,1.95%
2018-01-29,16750.0,15800.0,16750.0,15750.0,34.30M,6.69%
2018-01-30,17100.0,16600.0,17300.0,16250.0,30.03M,2.09%
2018-01-31,16250.0,17200.0,17200.0,16250.0,26.19M,-4.97%
2018-02-01,15700.0,16350.0,16400.0,15650.0,26.00M,-3.38%
2018-02-02,16250.0,15800.0,16400.0,15550.0,13.87M,3.50%
2018-02-05,15150.0,15850.0,16050.0,15150.0,22.17M,-6.77%
2018-02-06,15400.0,14100.0,15400.0,14100.0,32.95M,1.65%
2018-02-07,15750.0,15900.0,16100.0,15600.0,14.29M,2.27%
2018-02-08,14900.0,15350.0,15700.0,14900.0,8.48M,-5.40%
2018-02-09,14950.0,14400.0,15150.0,14300.0,13.41M,0.34%
2018-02-12,15900.0,15400.0,15900.0,15200.0,9.91M,6.35%
2018-02-13,15900.0,16000.0,16100.0,15850.0,10.21M,0.00%
2018-02-21,16300.0,16050.0,16600.0,15900.0,16.32M,2.52%
2018-02-22,16100.0,16100.0,16700.0,16000.0,18.52M,-1.23%
2018-02-23,16450.0,16300.0,16450.0,16050.0,13.29M,2.17%
2018-02-26,16050.0,16750.0,16800.0,16050.0,19.20M,-2.43%
2018-02-27,16150.0,16200.0,16250.0,15900.0,12.58M,0.62%
2018-02-28,16100.0,16000.0,16300.0,15900.0,15.27M,-0.31%
2018-03-01,15750.0,15900.0,16150.0,15700.0,17.48M,-2.17%
2018-03-02,15700.0,15500.0,15800.0,15450.0,11.09M,-0.32%
2018-03-05,14950.0,15850.0,15900.0,14950.0,17.43M,-4.78%
2018-03-06,15300.0,15200.0,15450.0,15000.0,12.65M,2.34%
2018-03-07,15050.0,15350.0,15350.0,14950.0,10.58M,-1.63%
2018-03-08,15200.0,15100.0,15300.0,15000.0,6.05M,1.00%
2018-03-09,15400.0,15500.0,15500.0,15250.0,7.22M,1.32%
2018-03-12,15950.0,15550.0,16150.0,15450.0,17.25M,3.57%
2018-03-13,16100.0,16000.0,16200.0,15900.0,11.57M,0.94%
2018-03-14,16050.0,16200.0,16450.0,16050.0,16.44M,-0.31%
2018-03-15,16150.0,16050.0,16400.0,15900.0,12.45M,0.62%
2018-03-16,16300.0,16400.0,16550.0,16250.0,22.64M,0.93%
2018-03-19,16050.0,16500.0,16600.0,16000.0,12.28M,-1.53%
2018-03-20,16000.0,15900.0,16050.0,15900.0,12.48M,-0.31%
2018-03-21,16250.0,16100.0,16500.0,16050.0,19.14M,1.56%
2018-03-22,16000.0,16300.0,16450.0,15950.0,13.09M,-1.54%
2018-03-23,15750.0,15500.0,15800.0,15400.0,17.46M,-1.56%
2018-03-26,15650.0,15500.0,15750.0,15400.0,10.95M,-0.63%
2018-03-27,15500.0,15800.0,15900.0,15450.0,8.28M,-0.96%
2018-03-28,15350.0,15450.0,15500.0,15300.0,6.52M,-0.97%
2018-03-29,15250.0,15450.0,15500.0,15200.0,5.94M,-0.65%
2018-03-30,15500.0,15300.0,15550.0,15200.0,5.87M,1.64%
2018-04-02,15800.0,15650.0,15900.0,15550.0,8.27M,1.94%
2018-04-03,15700.0,15700.0,15850.0,15600.0,6.88M,-0.63%
2018-04-04,15600.0,15750.0,15950.0,15600.0,7.38M,-0.64%
2018-04-05,15700.0,15650.0,15750.0,15550.0,6.48M,0.64%
2018-04-06,16100.0,15750.0,16300.0,15750.0,19.59M,2.55%
2018-04-09,16400.0,16200.0,16500.0,16100.0,14.76M,1.86%
2018-04-10,16200.0,16500.0,16650.0,16000.0,12.99M,-1.22%
2018-04-11,15650.0,16200.0,16300.0,15550.0,16.59M,-3.40%
2018-04-12,15600.0,15550.0,15700.0,15400.0,10.11M,-0.32%
2018-04-13,15450.0,15750.0,15800.0,15350.0,8.57M,-0.96%
2018-04-16,15500.0,15400.0,15650.0,15200.0,4.94M,0.32%
2018-04-17,15800.0,15500.0,15800.0,15500.0,4.94M,1.94%
2018-04-18,15500.0,15850.0,15850.0,15500.0,4.81M,-1.90%
2018-04-19,15000.0,15500.0,15550.0,15000.0,9.40M,-3.23%
2018-04-20,15450.0,15200.0,15450.0,14900.0,7.86M,3.00%
2018-04-23,14400.0,15450.0,15500.0,14400.0,11.19M,-6.80%
2018-04-24,14150.0,14400.0,14500.0,14100.0,7.28M,-1.74%
2018-04-26,13350.0,14100.0,14250.0,13200.0,8.53M,-5.65%
2018-04-27,13850.0,13350.0,13950.0,13300.0,5.68M,3.75%
2018-05-02,13300.0,13800.0,13950.0,13200.0,5.16M,-3.97%
2018-05-03,13700.0,13300.0,13700.0,12650.0,7.69M,3.01%
2018-05-04,13450.0,13700.0,13800.0,13350.0,4.01M,-1.82%
2018-05-07,13950.0,13500.0,13950.0,13400.0,4.88M,3.72%
2018-05-08,13650.0,13900.0,14000.0,13650.0,3.35M,-2.15%
2018-05-09,13500.0,13600.0,13750.0,13450.0,2.45M,-1.10%
2018-05-10,12900.0,13500.0,13500.0,12800.0,5.84M,-4.44%
2018-05-11,13100.0,12900.0,13150.0,12700.0,5.00M,1.55%
2018-05-14,13100.0,13300.0,13300.0,12950.0,2.83M,0.00%
2018-05-15,13100.0,13000.0,13300.0,13000.0,3.44M,0.00%
2018-05-16,13050.0,13050.0,13200.0,13000.0,2.50M,-0.38%
2018-05-17,12750.0,13050.0,13100.0,12750.0,2.66M,-2.30%
2018-05-18,12750.0,12850.0,12900.0,12500.0,3.84M,0.00%
2018-05-21,12600.0,12800.0,12950.0,12600.0,3.40M,-1.18%
2018-05-22,12000.0,12500.0,12550.0,11750.0,7.44M,-4.76%
2018-05-23,12150.0,12000.0,12250.0,11800.0,4.60M,1.25%
2018-05-24,12050.0,12200.0,12300.0,11950.0,4.27M,-0.82%
2018-05-25,11650.0,12000.0,12100.0,11650.0,3.72M,-3.32%
2018-05-28,10850.0,11600.0,11650.0,10850.0,7.85M,-6.87%
2018-05-29,11600.0,10900.0,11600.0,10900.0,7.05M,6.91%
2018-05-30,11500.0,11600.0,11750.0,11400.0,4.36M,-0.86%
2018-05-31,11750.0,11450.0,11850.0,11400.0,3.23M,2.17%
2018-06-01,11750.0,11700.0,12000.0,11700.0,4.31M,0.00%
2018-06-04,12550.0,12000.0,12550.0,12000.0,7.42M,6.81%
2018-06-05,12900.0,12700.0,13150.0,12600.0,8.11M,2.79%
2018-06-06,13300.0,12800.0,13450.0,12700.0,8.48M,3.10%
2018-06-07,13000.0,13300.0,13350.0,12950.0,7.11M,-2.26%
2018-06-08,12900.0,13000.0,13100.0,12850.0,3.97M,-0.77%
2018-06-11,12600.0,12800.0,12900.0,12600.0,3.76M,-2.33%
2018-06-12,12800.0,12500.0,12950.0,12350.0,8.55M,1.59%
2018-06-13,12800.0,12800.0,12950.0,12700.0,1.81M,0.00%
2018-06-14,12550.0,12750.0,12800.0,12500.0,2.46M,-1.95%
2018-06-15,12400.0,12400.0,12600.0,12350.0,5.46M,-1.20%
2018-06-18,12000.0,12400.0,12550.0,11850.0,3.99M,-3.23%
2018-06-19,11700.0,11950.0,11950.0,11300.0,8.28M,-2.50%
2018-06-20,12000.0,11750.0,12000.0,11600.0,3.29M,2.56%
2018-06-21,11700.0,11900.0,12000.0,11650.0,2.49M,-2.50%
2018-06-22,12000.0,11600.0,12050.0,11600.0,3.19M,2.56%
2018-06-25,12150.0,12350.0,12350.0,12050.0,2.83M,1.25%
2018-06-26,12000.0,11900.0,12050.0,11850.0,2.55M,-1.23%
2018-06-27,11800.0,12000.0,12200.0,11800.0,1.75M,-1.67%
2018-06-28,11550.0,11800.0,11850.0,11400.0,3.66M,-2.12%
2018-06-29,11550.0,11600.0,11700.0,11500.0,1.89M,0.00%
2018-07-02,11100.0,11550.0,11550.0,11100.0,3.79M,-3.90%
2018-07-03,10350.0,11200.0,11250.0,10350.0,6.65M,-6.76%
2018-07-04,10300.0,10500.0,10650.0,10250.0,6.77M,-0.48%
2018-07-05,9720.0,10250.0,10350.0,9670.0,5.66M,-5.63%
2018-07-06,10400.0,9800.0,10400.0,9700.0,8.47M,7.00%
2018-07-09,10400.0,10550.0,10750.0,10400.0,4.72M,0.00%
2018-07-10,10400.0,10400.0,10600.0,10400.0,2.37M,0.00%
2018-07-11,10000.0,10200.0,10300.0,9850.0,4.82M,-3.85%
2018-07-12,10150.0,10000.0,10450.0,10000.0,3.16M,1.50%
2018-07-13,10450.0,10350.0,10500.0,10300.0,2.84M,2.96%
2018-07-16,10500.0,10550.0,10700.0,10450.0,3.02M,0.48%
2018-07-17,10750.0,10450.0,10800.0,10450.0,4.09M,2.38%
2018-07-18,11200.0,10850.0,11200.0,10800.0,5.79M,4.19%
2018-07-19,11000.0,11200.0,11200.0,10900.0,3.34M,-1.79%
2018-07-20,11000.0,10950.0,11100.0,10800.0,4.08M,0.00%
2018-07-23,11750.0,11300.0,11750.0,11250.0,14.24M,6.82%
2018-07-24,11400.0,11600.0,11800.0,11400.0,5.42M,-2.98%
2018-07-25,11200.0,11400.0,11550.0,11200.0,3.15M,-1.75%
2018-07-26,11250.0,11200.0,11350.0,11050.0,4.44M,0.45%
2018-07-27,11200.0,11300.0,11400.0,11200.0,2.79M,-0.44%
2018-07-30,11500.0,11300.0,11550.0,11250.0,5.19M,2.68%
2018-07-31,11450.0,11500.0,11700.0,11350.0,4.23M,-0.43%
2018-08-01,11300.0,11450.0,11550.0,11300.0,2.52M,-1.31%
2018-08-02,11050.0,11250.0,11300.0,10950.0,7.58M,-2.21%
2018-08-03,11050.0,11250.0,11300.0,11050.0,2.41M,0.00%
2018-08-06,11150.0,11050.0,11350.0,11000.0,3.13M,0.90%
2018-08-07,11150.0,11200.0,11250.0,11050.0,2.23M,0.00%
2018-08-08,11350.0,11200.0,11350.0,11100.0,3.48M,1.79%
2018-08-09,11300.0,11400.0,11650.0,11200.0,8.04M,-0.44%
2018-08-10,11250.0,11250.0,11350.0,11200.0,3.20M,-0.44%
2018-08-13,11800.0,11250.0,11800.0,11200.0,10.74M,4.89%
2018-08-14,11600.0,11800.0,11850.0,11600.0,3.49M,-1.69%
2018-08-15,11400.0,11700.0,11750.0,11350.0,5.35M,-1.72%
2018-08-16,11400.0,11300.0,11400.0,11150.0,5.99M,0.00%
2018-08-17,11200.0,11550.0,11600.0,11200.0,3.02M,-1.75%
2018-08-20,11150.0,11200.0,11300.0,11150.0,4.79M,-0.45%
2018-08-21,11200.0,11150.0,11300.0,11150.0,5.56M,0.45%
2018-08-22,11450.0,11500.0,11600.0,11400.0,6.52M,2.23%
2018-08-23,11400.0,11450.0,11500.0,11350.0,3.56M,-0.44%
2018-08-24,11300.0,11350.0,11450.0,11250.0,3.59M,-0.88%
2018-08-27,11400.0,11400.0,11550.0,11350.0,4.28M,0.88%
2018-08-28,11500.0,11500.0,11550.0,11400.0,3.74M,0.88%
2018-08-29,11400.0,11500.0,11550.0,11350.0,2.62M,-0.87%
2018-08-30,11500.0,11450.0,11550.0,11300.0,5.94M,0.88%
2018-08-31,11350.0,11550.0,11550.0,11350.0,6.90M,-1.30%
2018-09-04,11250.0,11350.0,11400.0,11200.0,4.33M,-0.88%
2018-09-05,11100.0,11250.0,11250.0,11050.0,4.08M,-1.33%
2018-09-06,11050.0,11150.0,11200.0,11000.0,3.47M,-0.45%
2018-09-07,11300.0,11300.0,11500.0,11250.0,4.70M,2.26%
2018-09-10,11750.0,11350.0,11800.0,11350.0,18.10M,3.98%
2018-09-11,11800.0,11750.0,11850.0,11600.0,6.15M,0.43%
2018-09-12,12100.0,12000.0,12300.0,11900.0,13.22M,2.54%
2018-09-13,12050.0,12200.0,12200.0,12050.0,7.45M,-0.41%
2018-09-14,12000.0,12100.0,12200.0,11950.0,5.25M,-0.41%
2018-09-17,11850.0,12000.0,12050.0,11850.0,7.06M,-1.25%
2018-09-18,12400.0,11800.0,12400.0,11650.0,9.70M,4.64%
2018-09-19,12550.0,12450.0,12750.0,12350.0,11.80M,1.21%
2018-09-20,12650.0,12550.0,12650.0,12500.0,4.63M,0.80%
2018-09-21,12700.0,12650.0,12900.0,12600.0,14.01M,0.40%
2018-09-24,12550.0,12800.0,12850.0,12500.0,7.25M,-1.18%
2018-09-25,12650.0,12550.0,12800.0,12500.0,4.62M,0.80%
2018-09-26,12700.0,12600.0,12900.0,12600.0,6.32M,0.40%
2018-09-27,12650.0,12750.0,12850.0,12600.0,4.74M,-0.39%
2018-09-28,13500.0,12700.0,13500.0,12650.0,27.26M,6.72%
2018-10-01,13850.0,13800.0,14400.0,13700.0,22.13M,2.59%
2018-10-02,13900.0,13900.0,14050.0,13700.0,9.28M,0.36%
2018-10-03,13850.0,13800.0,14050.0,13800.0,16.35M,-0.36%
2018-10-04,13850.0,13900.0,13950.0,13800.0,8.96M,0.00%
2018-10-05,13800.0,13800.0,14300.0,13750.0,19.48M,-0.36%
2018-10-08,13850.0,13650.0,13950.0,13600.0,17.69M,0.36%
2018-10-09,13550.0,13950.0,13950.0,13400.0,19.46M,-2.17%
2018-10-10,13400.0,13500.0,13600.0,13300.0,9.02M,-1.11%
2018-10-11,12500.0,12950.0,13100.0,12500.0,24.73M,-6.72%
2018-10-12,13050.0,12400.0,13100.0,12300.0,14.99M,4.40%
2018-10-15,12950.0,13000.0,13200.0,12900.0,7.83M,-0.77%
2018-10-16,13600.0,13000.0,13600.0,13000.0,9.79M,5.02%
2018-10-17,13550.0,13900.0,13900.0,13450.0,8.92M,-0.37%
2018-10-18,13500.0,13350.0,13850.0,13350.0,14.18M,-0.37%
2018-10-19,13450.0,13300.0,13600.0,13250.0,8.31M,-0.37%
2018-10-22,12950.0,13350.0,13500.0,12950.0,8.69M,-3.72%
2018-10-23,12550.0,12800.0,12950.0,12350.0,9.77M,-3.09%
2018-10-24,12600.0,12600.0,12850.0,12550.0,6.59M,0.40%
2018-10-25,12550.0,11950.0,12650.0,11950.0,6.17M,-0.40%
2018-10-26,12300.0,12750.0,12750.0,12300.0,5.79M,-1.99%
2018-10-29,12000.0,12300.0,12350.0,11950.0,5.71M,-2.44%
2018-10-30,11950.0,11950.0,12300.0,11900.0,5.09M,-0.42%
2018-10-31,12500.0,12200.0,12500.0,12150.0,5.14M,4.60%
2018-11-01,12200.0,12550.0,12600.0,12200.0,3.09M,-2.40%
2018-11-02,12400.0,12350.0,12550.0,12200.0,6.06M,1.64%
2018-11-05,12350.0,12300.0,12400.0,12200.0,3.02M,-0.40%
2018-11-06,12250.0,12400.0,12500.0,12250.0,3.48M,-0.81%
2018-11-07,12700.0,12250.0,12800.0,12150.0,11.33M,3.67%
2018-11-08,12600.0,12950.0,12950.0,12600.0,3.12M,-0.79%
2018-11-09,12350.0,12550.0,12650.0,12350.0,3.51M,-1.98%
2018-11-12,12200.0,12200.0,12350.0,12050.0,4.62M,-1.21%
2018-11-13,12000.0,12000.0,12200.0,11950.0,5.03M,-1.64%
2018-11-14,11950.0,12000.0,12200.0,11950.0,3.23M,-0.42%
2018-11-15,12000.0,12000.0,12050.0,11850.0,3.88M,0.42%
2018-11-16,12100.0,12100.0,12250.0,12000.0,3.93M,0.83%
2018-11-19,12300.0,12250.0,12350.0,12100.0,3.05M,1.65%
2018-11-20,12200.0,12250.0,12300.0,12150.0,2.69M,-0.81%
2018-11-21,12250.0,12050.0,12250.0,12050.0,2.55M,0.41%
2018-11-22,12400.0,12300.0,12450.0,12250.0,4.90M,1.22%
2018-11-23,12250.0,12300.0,12400.0,12250.0,2.13M,-1.21%
2018-11-26,12300.0,12250.0,12300.0,12150.0,1.56M,0.41%
2018-11-27,12150.0,12300.0,12400.0,12150.0,2.87M,-1.22%
2018-11-28,12250.0,12100.0,12250.0,12100.0,1.97M,0.82%
2018-11-29,12150.0,12300.0,12350.0,12150.0,3.19M,-0.82%
2018-11-30,12150.0,12150.0,12250.0,12100.0,2.72M,0.00%
2018-12-03,12800.0,12400.0,12800.0,12300.0,10.67M,5.35%
2018-12-04,12800.0,12800.0,12900.0,12650.0,5.84M,0.00%
2018-12-05,12700.0,12550.0,12850.0,12550.0,6.62M,-0.78%
2018-12-06,12600.0,12650.0,12750.0,12550.0,4.74M,-0.79%
2018-12-07,12650.0,12650.0,12850.0,12600.0,5.04M,0.40%
2018-12-10,12500.0,12600.0,12600.0,12450.0,4.48M,-1.19%
2018-12-11,12500.0,12550.0,12600.0,12450.0,2.97M,0.00%
2018-12-12,12700.0,12500.0,12750.0,12500.0,2.71M,1.60%
2018-12-13,12900.0,12800.0,13100.0,12750.0,8.93M,1.57%
2018-12-14,12800.0,12900.0,13000.0,12700.0,3.74M,-0.78%
2018-12-17,12500.0,12650.0,12700.0,12500.0,3.97M,-2.34%
2018-12-18,12400.0,12300.0,12450.0,12200.0,5.28M,-0.80%
2018-12-19,12450.0,12450.0,12450.0,12200.0,3.15M,0.40%
2018-12-20,12250.0,12300.0,12400.0,12200.0,3.41M,-1.61%
2018-12-21,12100.0,12150.0,12300.0,12100.0,3.67M,-1.22%
2018-12-24,12150.0,12300.0,12450.0,12150.0,3.32M,0.41%
2018-12-25,11950.0,12000.0,12100.0,11700.0,6.73M,-1.65%
2018-12-26,11950.0,12000.0,12150.0,11950.0,2.47M,0.00%
2018-12-27,12000.0,12200.0,12250.0,12000.0,2.09M,0.42%
2018-12-28,11950.0,12000.0,12150.0,11950.0,2.11M,-0.42%
2019-01-02,11600.0,12000.0,12050.0,11600.0,3.86M,-2.93%
2019-01-03,11100.0,11500.0,11650.0,11100.0,6.28M,-4.31%
2019-01-04,11150.0,11000.0,11350.0,10900.0,3.83M,0.45%
2019-01-07,11500.0,11400.0,11600.0,11350.0,3.70M,3.14%
2019-01-08,11350.0,11500.0,11500.0,11300.0,1.57M,-1.30%
2019-01-09,11400.0,11400.0,11550.0,11400.0,2.63M,0.44%
2019-01-10,11400.0,11500.0,11500.0,11350.0,2.07M,0.00%
2019-01-11,11400.0,11450.0,11500.0,11300.0,2.17M,0.00%
2019-01-14,11200.0,11400.0,11450.0,11200.0,1.93M,-1.75%
2019-01-15,11300.0,11250.0,11350.0,11200.0,2.16M,0.89%
2019-01-16,11300.0,11400.0,11450.0,11300.0,2.68M,0.00%
2019-01-17,11200.0,11200.0,11400.0,11150.0,1.74M,-0.88%
2019-01-18,11250.0,11250.0,11300.0,11050.0,2.62M,0.45%
2019-01-21,11700.0,11350.0,11850.0,11250.0,6.69M,4.00%
2019-01-22,11750.0,11850.0,11850.0,11700.0,4.05M,0.43%
2019-01-23,12150.0,11750.0,12250.0,11700.0,7.82M,3.40%
2019-01-24,12200.0,12100.0,12200.0,12000.0,3.75M,0.41%
2019-01-25,12300.0,12200.0,12400.0,12150.0,6.42M,0.82%
2019-01-28,12250.0,12350.0,12350.0,12100.0,2.70M,-0.41%
2019-01-29,12150.0,12200.0,12200.0,12050.0,2.87M,-0.82%
2019-01-30,12000.0,12150.0,12200.0,12000.0,2.49M,-1.23%
2019-01-31,12300.0,12100.0,12400.0,12000.0,5.06M,2.50%
2019-02-01,12400.0,12300.0,12400.0,12200.0,3.35M,0.81%
2019-02-11,12950.0,12500.0,12950.0,12450.0,6.86M,4.44%
2019-02-12,13000.0,12850.0,13100.0,12800.0,6.46M,0.39%
2019-02-13,13000.0,13000.0,13100.0,12950.0,6.89M,0.00%
2019-02-14,12950.0,12900.0,13050.0,12900.0,4.82M,-0.38%
2019-02-15,13000.0,12900.0,13050.0,12750.0,4.51M,0.39%
2019-02-18,13100.0,13050.0,13200.0,12950.0,3.71M,0.77%
2019-02-19,12800.0,13150.0,13150.0,12800.0,5.25M,-2.29%
2019-02-20,12900.0,12850.0,13050.0,12700.0,5.45M,0.78%
2019-02-21,13000.0,12950.0,13000.0,12800.0,4.12M,0.78%
2019-02-22,13050.0,12800.0,13150.0,12800.0,5.73M,0.38%
2019-02-25,12900.0,13100.0,13150.0,12900.0,6.90M,-1.15%
2019-02-26,12800.0,12900.0,12950.0,12700.0,3.76M,-0.78%
2019-02-27,12700.0,12800.0,12900.0,12700.0,2.41M,-0.78%
2019-02-28,12300.0,12750.0,12850.0,12300.0,8.44M,-3.15%
2019-03-01,12650.0,12500.0,12650.0,12450.0,2.60M,2.85%
2019-03-04,12750.0,12750.0,12800.0,12650.0,3.06M,0.79%
2019-03-05,12700.0,12750.0,12900.0,12650.0,4.73M,-0.39%
2019-03-06,12650.0,12700.0,12750.0,12600.0,2.02M,-0.39%
2019-03-07,12800.0,12650.0,12900.0,12650.0,3.50M,1.19%
2019-03-08,12600.0,12700.0,12750.0,12550.0,2.90M,-1.56%
2019-03-11,12550.0,12600.0,12650.0,12450.0,2.11M,-0.40%
2019-03-12,12700.0,12600.0,12700.0,12500.0,3.78M,1.20%
2019-03-13,12800.0,12750.0,12950.0,12750.0,6.15M,0.79%
2019-03-14,13000.0,12850.0,13150.0,12750.0,8.48M,1.56%
2019-03-15,12950.0,13000.0,13050.0,12850.0,4.40M,-0.38%
2019-03-18,12850.0,12950.0,13050.0,12850.0,3.31M,-0.77%
2019-03-19,12700.0,12800.0,12900.0,12700.0,4.34M,-1.17%
2019-03-20,12800.0,12650.0,12850.0,12650.0,4.22M,0.79%
2019-03-21,12500.0,12850.0,12900.0,12500.0,4.74M,-2.34%
2019-03-22,12550.0,12600.0,12650.0,12450.0,3.00M,0.40%
2019-03-25,12250.0,12300.0,12450.0,12150.0,3.93M,-2.39%
2019-03-26,12300.0,12300.0,12450.0,12300.0,1.68M,0.41%
2019-03-27,12350.0,12350.0,12400.0,12300.0,1.24M,0.41%
2019-03-28,12150.0,12300.0,12300.0,12150.0,4.03M,-1.62%
2019-03-29,12200.0,12200.0,12350.0,12150.0,3.43M,0.41%
2019-04-01,12400.0,12200.0,12400.0,12200.0,1.69M,1.64%
2019-04-02,12200.0,12450.0,12500.0,12200.0,1.83M,-1.61%
2019-04-03,12250.0,12200.0,12300.0,12150.0,1.43M,0.41%
2019-04-04,12300.0,12300.0,12300.0,12200.0,1.09M,0.41%
2019-04-05,12250.0,12300.0,12300.0,12200.0,1.14M,-0.41%
2019-04-08,12250.0,12250.0,12300.0,12150.0,1.88M,0.00%
2019-04-09,12250.0,12300.0,12350.0,12200.0,2.72M,0.00%
2019-04-10,12100.0,12200.0,12250.0,12050.0,1.97M,-1.22%
2019-04-11,12050.0,12200.0,12200.0,12050.0,788.76K,-0.41%
2019-04-12,12100.0,12050.0,12150.0,12050.0,1.54M,0.41%
2019-04-16,12050.0,12000.0,12150.0,11850.0,3.05M,-0.41%
2019-04-17,11900.0,12150.0,12200.0,11900.0,1.71M,-1.24%
2019-04-18,11750.0,12000.0,12000.0,11750.0,2.44M,-1.26%
2019-04-19,11750.0,11800.0,11900.0,11750.0,1.65M,0.00%
2019-04-22,11550.0,11800.0,11800.0,11550.0,2.43M,-1.70%
2019-04-23,12050.0,11600.0,12200.0,11550.0,4.44M,4.33%
2019-04-24,12050.0,12150.0,12200.0,12050.0,2.01M,0.00%
2019-04-25,11850.0,12050.0,12050.0,11800.0,2.90M,-1.66%
2019-04-26,11950.0,11850.0,12000.0,11850.0,1.50M,0.84%
2019-05-02,11900.0,12100.0,12100.0,11850.0,2.10M,-0.42%
2019-05-03,12350.0,11900.0,12400.0,11900.0,8.68M,3.78%
2019-05-06,12050.0,12200.0,12200.0,12050.0,2.76M,-2.43%
2019-05-07,12100.0,12150.0,12200.0,12050.0,3.87M,0.41%
2019-05-08,12150.0,11950.0,12250.0,11950.0,4.25M,0.41%
2019-05-09,11900.0,12150.0,12200.0,11850.0,6.64M,-2.06%
2019-05-10,12000.0,12000.0,12050.0,11900.0,1.97M,0.84%
2019-05-13,11950.0,11950.0,12050.0,11850.0,1.96M,-0.42%
2019-05-14,11900.0,11850.0,11950.0,11800.0,2.99M,-0.42%
2019-05-15,12050.0,12000.0,12150.0,11950.0,3.04M,1.26%
2019-05-16,12000.0,12150.0,12150.0,11950.0,1.84M,-0.41%
2019-05-17,11950.0,11950.0,12050.0,11950.0,1.82M,-0.42%
2019-05-20,11950.0,12000.0,12050.0,11900.0,2.87M,0.00%
2019-05-21,12050.0,12000.0,12200.0,11950.0,5.45M,0.84%
2019-05-22,12050.0,12150.0,12200.0,12000.0,4.45M,0.00%
2019-05-23,12000.0,12050.0,12150.0,11950.0,1.87M,-0.41%
2019-05-24,11800.0,11900.0,11950.0,11750.0,6.04M,-1.67%
2019-05-27,11800.0,11800.0,11900.0,11750.0,1.26M,0.00%
2019-05-28,11800.0,11850.0,11950.0,11750.0,2.31M,0.00%
2019-05-29,11750.0,11850.0,11850.0,11750.0,1.77M,-0.42%
2019-05-30,11800.0,11750.0,11900.0,11700.0,2.10M,0.43%
2019-05-31,11750.0,11750.0,11900.0,11700.0,1.93M,-0.42%
2019-06-03,11600.0,11700.0,11750.0,11500.0,3.85M,-1.28%
2019-06-04,11600.0,11650.0,11700.0,11550.0,2.44M,0.00%
2019-06-05,11650.0,11700.0,11800.0,11650.0,2.40M,0.43%
2019-06-06,11550.0,11650.0,11700.0,11550.0,1.90M,-0.86%
2019-06-07,11750.0,11600.0,11750.0,11600.0,1.43M,1.73%
2019-06-10,11800.0,11750.0,11850.0,11750.0,3.03M,0.43%
2019-06-11,11700.0,11850.0,11850.0,11700.0,1.20M,-0.85%
2019-06-12,11650.0,11700.0,11800.0,11650.0,556.04K,-0.43%
2019-06-13,11600.0,11650.0,11700.0,11600.0,1.31M,-0.43%
2019-06-14,11650.0,11650.0,11750.0,11600.0,1.14M,0.43%
2019-06-17,11450.0,11650.0,11700.0,11450.0,2.87M,-1.72%
2019-06-18,11200.0,11450.0,11500.0,11200.0,3.53M,-2.18%
2019-06-19,11300.0,11350.0,11400.0,11250.0,1.28M,0.89%
2019-06-20,11500.0,11300.0,11550.0,11300.0,2.74M,1.77%
2019-06-21,11450.0,11600.0,11600.0,11400.0,15.02M,-0.43%
2019-06-24,11700.0,11500.0,11700.0,11500.0,3.16M,2.18%
2019-06-25,11650.0,11700.0,11800.0,11600.0,2.50M,-0.43%
2019-06-26,11500.0,11600.0,11650.0,11500.0,2.82M,-1.29%
2019-06-27,11300.0,11550.0,11550.0,11300.0,3.91M,-1.74%
2019-06-28,11350.0,11350.0,11400.0,11250.0,3.06M,0.44%
2019-07-01,11550.0,11450.0,11600.0,11450.0,4.23M,1.76%
2019-07-02,11450.0,11550.0,11550.0,11400.0,2.53M,-0.87%
2019-07-03,11350.0,11500.0,11500.0,11350.0,2.34M,-0.87%
2019-07-04,11450.0,11400.0,11550.0,11350.0,2.41M,0.88%
2019-07-05,11400.0,11450.0,11500.0,11400.0,2.28M,-0.44%
2019-07-08,11400.0,11450.0,11500.0,11300.0,2.47M,0.00%
2019-07-09,11350.0,11400.0,11450.0,11300.0,1.63M,-0.44%
2019-07-10,11450.0,11400.0,11550.0,11350.0,3.21M,0.88%
2019-07-11,11500.0,11550.0,11550.0,11400.0,2.60M,0.44%
2019-07-12,11400.0,11500.0,11550.0,11400.0,2.60M,-0.87%
2019-07-15,11350.0,11500.0,11500.0,11300.0,3.39M,-0.44%
2019-07-16,11400.0,11400.0,11500.0,11300.0,3.24M,0.44%
2019-07-17,11550.0,11450.0,11650.0,11400.0,7.84M,1.32%
2019-07-18,11550.0,11550.0,11650.0,11500.0,3.65M,0.00%
2019-07-19,11700.0,11550.0,11750.0,11550.0,4.76M,1.30%
2019-07-22,11500.0,11650.0,11750.0,11500.0,2.83M,-1.71%
2019-07-23,11500.0,11550.0,11600.0,11500.0,1.90M,0.00%
2019-07-24,11350.0,11500.0,11550.0,11350.0,4.40M,-1.30%
2019-07-25,11200.0,11350.0,11350.0,11200.0,5.86M,-1.32%
2019-07-26,11150.0,11200.0,11300.0,11150.0,2.70M,-0.45%
2019-07-29,10950.0,11200.0,11200.0,10900.0,6.83M,-1.79%
2019-07-30,10850.0,10950.0,11050.0,10850.0,2.01M,-0.91%
2019-07-31,10700.0,10900.0,10900.0,10600.0,3.28M,-1.38%
2019-08-01,10500.0,10700.0,10750.0,10500.0,5.01M,-1.87%
2019-08-02,10600.0,10400.0,10800.0,10350.0,3.08M,0.95%
2019-08-05,10450.0,10550.0,10600.0,10400.0,2.08M,-1.42%
2019-08-06,10450.0,10350.0,10500.0,10200.0,3.12M,0.00%
2019-08-07,10400.0,10450.0,10600.0,10400.0,1.98M,-0.48%
2019-08-08,10450.0,10400.0,10450.0,10350.0,1.51M,0.48%
2019-08-09,10350.0,10450.0,10500.0,10350.0,2.44M,-0.96%
2019-08-12,10350.0,10400.0,10450.0,10300.0,1.45M,0.00%
2019-08-13,10200.0,10300.0,10350.0,10150.0,4.10M,-1.45%
2019-08-14,10150.0,10350.0,10350.0,10150.0,3.67M,-0.49%
2019-08-15,10350.0,10050.0,10350.0,10000.0,3.23M,1.97%
2019-08-16,10300.0,10300.0,10450.0,10150.0,1.93M,-0.48%
2019-08-19,10250.0,10350.0,10400.0,10200.0,1.30M,-0.49%
2019-08-20,10300.0,10300.0,10300.0,10200.0,1.24M,0.49%
2019-08-21,10250.0,10300.0,10300.0,10200.0,2.44M,-0.49%
2019-08-22,10300.0,10250.0,10400.0,10250.0,2.73M,0.49%
2019-08-23,10700.0,10400.0,10750.0,10300.0,6.01M,3.88%
2019-08-26,10550.0,10500.0,10650.0,10450.0,3.64M,-1.40%
2019-08-27,10450.0,10550.0,10650.0,10450.0,3.93M,-0.95%
2019-08-28,10350.0,10500.0,10500.0,10350.0,2.13M,-0.96%
2019-08-29,10350.0,10400.0,10450.0,10300.0,1.73M,0.00%
2019-08-30,10400.0,10350.0,10400.0,10300.0,1.45M,0.48%
2019-09-03,10200.0,10400.0,10400.0,10200.0,3.24M,-1.92%
2019-09-04,10150.0,10200.0,10250.0,10050.0,2.86M,-0.49%
2019-09-05,10150.0,10150.0,10300.0,10100.0,2.86M,0.00%
2019-09-06,10150.0,10200.0,10200.0,10100.0,1.28M,0.00%
2019-09-09,10100.0,10250.0,10250.0,10100.0,1.40M,-0.49%
2019-09-10,10050.0,10150.0,10150.0,10000.0,5.13M,-0.50%
2019-09-11,10050.0,10000.0,10100.0,10000.0,1.46M,0.00%
2019-09-12,10150.0,10100.0,10150.0,10050.0,2.18M,1.00%
2019-09-13,10350.0,10150.0,10350.0,10100.0,4.21M,1.97%
2019-09-16,10350.0,10350.0,10400.0,10250.0,2.48M,0.00%
2019-09-17,10200.0,10250.0,10350.0,10150.0,3.52M,-1.45%
2019-09-18,10200.0,10200.0,10300.0,10150.0,3.45M,0.00%
2019-09-19,10550.0,10200.0,10550.0,10150.0,8.11M,3.43%
2019-09-20,10350.0,10600.0,10600.0,10350.0,3.59M,-1.90%
2019-09-23,10550.0,10350.0,10750.0,10350.0,10.25M,1.93%
2019-09-24,10500.0,10550.0,10650.0,10500.0,2.86M,-0.47%
2019-09-25,10600.0,10450.0,10650.0,10450.0,2.61M,0.95%
2019-09-26,10700.0,10600.0,10700.0,10550.0,3.31M,0.94%
2019-09-27,10650.0,10700.0,10750.0,10600.0,4.21M,-0.47%
2019-09-30,10550.0,10700.0,10750.0,10550.0,3.90M,-0.94%
2019-10-01,10500.0,10550.0,10600.0,10450.0,3.59M,-0.47%
2019-10-02,10400.0,10500.0,10600.0,10400.0,3.18M,-0.95%
2019-10-03,10500.0,10350.0,10500.0,10300.0,2.36M,0.96%
2019-10-04,10400.0,10500.0,10600.0,10400.0,1.58M,-0.95%
2019-10-07,10500.0,10450.0,10600.0,10400.0,2.97M,0.96%
2019-10-08,11000.0,10600.0,11000.0,10550.0,11.68M,4.76%
2019-10-09,10900.0,11000.0,11100.0,10850.0,5.65M,-0.91%
2019-10-10,10800.0,10900.0,10950.0,10800.0,3.37M,-0.92%
2019-10-11,11000.0,10800.0,11250.0,10800.0,8.08M,1.85%
2019-10-14,11100.0,11100.0,11300.0,11100.0,6.86M,0.91%
2019-10-15,11050.0,11100.0,11200.0,11000.0,2.78M,-0.45%
2019-10-16,11050.0,11100.0,11200.0,11000.0,2.39M,0.00%
2019-10-17,10900.0,11050.0,11050.0,10900.0,3.90M,-1.36%
2019-10-18,10800.0,10950.0,11050.0,10800.0,3.24M,-0.92%
2019-10-21,10950.0,10850.0,10950.0,10700.0,2.98M,1.39%
2019-10-22,11000.0,10900.0,11100.0,10900.0,3.81M,0.46%
2019-10-23,11000.0,11000.0,11100.0,10950.0,1.86M,0.00%
2019-10-24,10950.0,11000.0,11050.0,10900.0,2.08M,-0.45%
2019-10-25,10900.0,10950.0,11000.0,10850.0,1.94M,-0.46%
2019-10-28,10850.0,11000.0,11000.0,10750.0,5.44M,-0.46%
2019-10-29,10650.0,10800.0,10900.0,10650.0,4.55M,-1.84%
2019-10-30,10700.0,10700.0,10800.0,10650.0,2.78M,0.47%
2019-10-31,10800.0,10800.0,10850.0,10650.0,3.13M,0.93%
2019-11-01,10900.0,10800.0,10950.0,10700.0,3.15M,0.93%
2019-11-04,10900.0,10900.0,11100.0,10850.0,6.50M,0.00%
2019-11-05,10950.0,10950.0,10950.0,10850.0,4.41M,0.46%
2019-11-06,11000.0,10950.0,11050.0,10900.0,4.06M,0.46%
2019-11-07,10900.0,11000.0,11000.0,10850.0,3.85M,-0.91%
2019-11-08,10850.0,10900.0,11000.0,10850.0,2.86M,-0.46%
2019-11-11,10800.0,10850.0,10900.0,10750.0,3.09M,-0.46%
2019-11-12,10750.0,10850.0,10850.0,10750.0,1.45M,-0.46%
2019-11-13,10800.0,10800.0,10900.0,10750.0,2.25M,0.47%
2019-11-14,10700.0,10800.0,10850.0,10650.0,2.04M,-0.93%
2019-11-15,10700.0,10800.0,10800.0,10650.0,1.61M,0.00%
2019-11-18,10600.0,10750.0,10800.0,10600.0,2.21M,-0.93%
2019-11-19,10600.0,10550.0,10650.0,10550.0,2.33M,0.00%
2019-11-20,10400.0,10600.0,10600.0,10350.0,4.83M,-1.89%
2019-11-21,10200.0,10350.0,10450.0,10200.0,4.30M,-1.92%
2019-11-22,10250.0,10300.0,10400.0,10100.0,3.60M,0.49%
2019-11-25,10150.0,10300.0,10300.0,10100.0,2.01M,-0.98%
2019-11-26,10150.0,10200.0,10250.0,10100.0,3.96M,0.00%
2019-11-27,10100.0,10200.0,10250.0,10100.0,2.20M,-0.49%
2019-11-28,10100.0,10100.0,10200.0,10050.0,2.40M,0.00%
2019-11-29,10100.0,10150.0,10200.0,10050.0,2.16M,0.00%
2019-12-02,10000.0,10100.0,10150.0,10000.0,3.13M,-0.99%
2019-12-03,9750.0,10000.0,10050.0,9750.0,3.60M,-2.50%
2019-12-04,10100.0,9800.0,10100.0,9800.0,2.85M,3.59%
2019-12-05,10050.0,10100.0,10150.0,9990.0,958.22K,-0.50%
2019-12-06,10000.0,10000.0,10100.0,9990.0,1.58M,-0.50%
2019-12-09,9950.0,10000.0,10050.0,9920.0,1.89M,-0.50%
2019-12-10,10050.0,9900.0,10050.0,9900.0,2.04M,1.01%
2019-12-11,10050.0,10050.0,10100.0,9950.0,1.05M,0.00%
2019-12-12,10100.0,10050.0,10100.0,10000.0,1.65M,0.50%
2019-12-13,10050.0,10150.0,10200.0,10050.0,1.36M,-0.50%
2019-12-16,10050.0,10050.0,10100.0,10000.0,1.60M,0.00%
2019-12-17,10050.0,10100.0,10100.0,9990.0,2.12M,0.00%
2019-12-18,9940.0,10000.0,10050.0,9900.0,2.11M,-1.09%
2019-12-19,9930.0,10050.0,10050.0,9900.0,2.70M,-0.10%
2019-12-20,10000.0,9980.0,10050.0,9950.0,1.54M,0.70%
2019-12-23,10200.0,10100.0,10300.0,10100.0,3.41M,2.00%
2019-12-24,10100.0,10200.0,10250.0,10100.0,1.56M,-0.98%
2019-12-25,10100.0,10200.0,10250.0,10100.0,1.26M,0.00%
2019-12-26,10100.0,10100.0,10150.0,10000.0,2.34M,0.00%
2019-12-27,10150.0,10100.0,10200.0,10000.0,2.01M,0.50%
2019-12-30,10100.0,10100.0,10250.0,10100.0,1.96M,-0.49%
2019-12-31,10050.0,10100.0,10200.0,10050.0,1.83M,-0.50%
2020-01-02,10200.0,10100.0,10300.0,10000.0,2.91M,1.49%
2020-01-03,10200.0,10250.0,10300.0,10150.0,1.98M,0.00%
2020-01-06,10050.0,10100.0,10150.0,10000.0,2.30M,-1.47%
2020-01-07,10150.0,10050.0,10150.0,10000.0,2.15M,1.00%
2020-01-08,9980.0,10050.0,10100.0,9970.0,4.49M,-1.67%
2020-01-09,10150.0,10100.0,10200.0,10050.0,2.44M,1.70%
2020-01-10,10500.0,10150.0,10500.0,10150.0,10.75M,3.45%
2020-01-13,10400.0,10500.0,10550.0,10300.0,3.39M,-0.95%
2020-01-14,10300.0,10400.0,10450.0,10300.0,1.81M,-0.96%
2020-01-15,10250.0,10300.0,10350.0,10200.0,2.48M,-0.49%
2020-01-16,10400.0,10300.0,10550.0,10300.0,9.56M,1.46%
2020-01-17,10600.0,10450.0,10700.0,10400.0,6.09M,1.92%
2020-01-20,10700.0,10500.0,10750.0,10500.0,4.14M,0.94%
2020-01-21,10900.0,10700.0,11050.0,10700.0,7.60M,1.87%
2020-01-22,10900.0,10900.0,10950.0,10750.0,7.03M,0.00%
2020-01-30,10350.0,10800.0,10800.0,10200.0,8.26M,-5.05%
2020-01-31,10200.0,10300.0,10500.0,10200.0,6.26M,-1.45%
2020-02-03,10250.0,10000.0,10400.0,9820.0,7.11M,0.49%
2020-02-04,10200.0,10250.0,10400.0,10100.0,5.43M,-0.49%
2020-02-05,10250.0,10350.0,10450.0,10250.0,3.97M,0.49%
2020-02-06,10950.0,10300.0,10950.0,10300.0,22.70M,6.83%
2020-02-07,11150.0,11000.0,11450.0,10950.0,14.96M,1.83%
2020-02-10,10950.0,10900.0,11100.0,10800.0,5.34M,-1.79%
2020-02-11,11350.0,10950.0,11450.0,10900.0,14.65M,3.65%
2020-02-12,11550.0,11400.0,11800.0,11400.0,14.68M,1.76%
2020-02-13,11500.0,11500.0,11600.0,11300.0,7.81M,-0.43%
2020-02-14,11600.0,11550.0,11900.0,11450.0,17.83M,0.87%
2020-02-17,11650.0,11650.0,11850.0,11500.0,8.91M,0.43%
2020-02-18,11550.0,11650.0,11750.0,11350.0,8.50M,-0.86%
2020-02-19,11400.0,11400.0,11550.0,11300.0,6.82M,-1.30%
2020-02-20,11300.0,11500.0,11550.0,11200.0,7.14M,-0.88%
2020-02-21,11300.0,11250.0,11500.0,11200.0,7.65M,0.00%
2020-02-24,10850.0,11000.0,11100.0,10750.0,11.77M,-3.98%
2020-02-25,11150.0,10700.0,11150.0,10700.0,5.67M,2.76%
2020-02-26,11200.0,11000.0,11400.0,10950.0,8.38M,0.45%
2020-02-27,11650.0,11300.0,11700.0,11150.0,13.07M,4.02%
2020-02-28,11600.0,11350.0,11750.0,11350.0,11.94M,-0.43%
2020-03-02,12350.0,11800.0,12400.0,11750.0,27.55M,6.47%
2020-03-03,12250.0,12600.0,12700.0,12150.0,15.55M,-0.81%
2020-03-04,12500.0,12200.0,12600.0,12100.0,12.16M,2.04%
2020-03-05,12200.0,12650.0,12700.0,12200.0,17.52M,-2.40%
2020-03-06,12250.0,12100.0,12400.0,12100.0,12.06M,0.41%
2020-03-09,11400.0,11500.0,11700.0,11400.0,17.02M,-6.94%
2020-03-10,11400.0,11000.0,11500.0,10850.0,15.32M,0.00%
2020-03-11,10650.0,11450.0,11500.0,10650.0,18.79M,-6.58%
2020-03-12,9950.0,10000.0,10250.0,9930.0,21.36M,-6.57%
2020-03-13,10400.0,9300.0,10550.0,9280.0,16.34M,4.52%
2020-03-16,9990.0,10400.0,10500.0,9800.0,9.16M,-3.94%
2020-03-17,10200.0,9900.0,10200.0,9560.0,8.61M,2.10%
2020-03-18,10000.0,10400.0,10400.0,10000.0,8.31M,-1.96%
2020-03-19,9750.0,9900.0,9960.0,9600.0,7.52M,-2.50%
2020-03-20,9800.0,9810.0,9920.0,9740.0,4.89M,0.51%
2020-03-23,9120.0,9300.0,9500.0,9120.0,10.63M,-6.94%
2020-03-24,8800.0,9120.0,9170.0,8800.0,7.82M,-3.51%
2020-03-25,9110.0,9150.0,9260.0,8900.0,9.89M,3.52%
2020-03-26,8700.0,9110.0,9110.0,8700.0,7.22M,-4.50%
2020-03-27,8210.0,8750.0,8750.0,8210.0,11.65M,-5.63%
2020-03-30,7640.0,7700.0,7990.0,7640.0,16.13M,-6.94%
2020-03-31,7300.0,7860.0,7860.0,7120.0,12.19M,-4.45%
2020-04-01,7810.0,7200.0,7810.0,7200.0,8.81M,6.99%
2020-04-03,8350.0,7990.0,8350.0,7900.0,10.67M,6.91%
2020-04-06,8930.0,8900.0,8930.0,8610.0,12.90M,6.95%
2020-04-07,9180.0,9400.0,9400.0,9010.0,17.28M,2.80%
2020-04-08,9280.0,9000.0,9290.0,8800.0,8.76M,1.09%
2020-04-09,9190.0,9400.0,9490.0,9180.0,9.82M,-0.97%
2020-04-10,9010.0,9150.0,9230.0,8950.0,10.71M,-1.96%
2020-04-13,9040.0,9010.0,9240.0,9010.0,7.68M,0.33%
2020-04-14,9160.0,9100.0,9160.0,8940.0,8.53M,1.33%
2020-04-15,9700.0,9200.0,9800.0,9180.0,14.86M,5.90%
2020-04-16,9720.0,9500.0,9950.0,9500.0,7.63M,0.21%
2020-04-17,9730.0,9900.0,9940.0,9720.0,8.38M,0.10%
2020-04-20,9550.0,9700.0,9850.0,9540.0,11.28M,-1.85%
2020-04-21,8990.0,9350.0,9450.0,8970.0,16.19M,-5.86%
2020-04-22,9170.0,8730.0,9290.0,8730.0,8.17M,2.00%
2020-04-23,9150.0,9350.0,9380.0,9150.0,5.41M,-0.22%
2020-04-24,9100.0,9150.0,9200.0,9040.0,4.79M,-0.55%
2020-04-27,8990.0,9180.0,9230.0,8990.0,8.06M,-1.21%
2020-04-28,8980.0,9080.0,9120.0,8940.0,7.08M,-0.11%
2020-04-29,9100.0,9000.0,9250.0,9000.0,3.84M,1.34%
2020-05-04,8980.0,9100.0,9100.0,8980.0,4.40M,-1.32%
2020-05-05,8970.0,8980.0,9090.0,8930.0,4.80M,-0.11%
2020-05-06,9140.0,9000.0,9140.0,8930.0,8.42M,1.90%
2020-05-07,9340.0,9180.0,9380.0,9170.0,12.18M,2.19%
2020-05-08,9520.0,9400.0,9770.0,9400.0,15.59M,1.93%
2020-05-11,9690.0,9670.0,9750.0,9540.0,10.60M,1.79%
2020-05-12,9700.0,9690.0,9750.0,9460.0,11.31M,0.10%
2020-05-13,9960.0,9700.0,10150.0,9550.0,19.00M,2.68%
2020-05-14,10050.0,9880.0,10300.0,9790.0,12.58M,0.90%
2020-05-15,9800.0,10200.0,10200.0,9800.0,9.21M,-2.49%
2020-05-18,9730.0,9780.0,9850.0,9680.0,9.97M,-0.71%
2020-05-19,9900.0,9920.0,10150.0,9860.0,15.44M,1.75%
2020-05-20,10400.0,9900.0,10550.0,9860.0,24.36M,5.05%
2020-05-21,10500.0,10500.0,10550.0,10250.0,10.20M,0.96%
2020-05-22,10200.0,10300.0,10600.0,10200.0,14.87M,-2.86%
2020-05-25,10250.0,10250.0,10400.0,10100.0,9.45M,0.49%
2020-05-26,10400.0,10300.0,10450.0,10300.0,9.40M,1.46%
2020-05-27,10100.0,10450.0,10550.0,10000.0,15.37M,-2.88%
2020-05-28,10300.0,10100.0,10600.0,10050.0,16.77M,1.98%
2020-05-29,10300.0,10200.0,10450.0,10200.0,6.86M,0.00%
2020-06-01,10750.0,10400.0,10750.0,10350.0,18.02M,4.37%
2020-06-02,10500.0,10850.0,10900.0,10500.0,13.90M,-2.33%
2020-06-03,10650.0,10600.0,10700.0,10500.0,8.71M,1.43%
2020-06-04,10600.0,10750.0,10900.0,10600.0,13.97M,-0.47%
2020-06-05,10550.0,10700.0,10750.0,10450.0,16.80M,-0.47%
2020-06-08,10700.0,10700.0,10850.0,10650.0,17.09M,1.42%
2020-06-09,10750.0,10750.0,10900.0,10650.0,14.17M,0.47%
2020-06-10,11500.0,10750.0,11500.0,10600.0,30.78M,6.98%
2020-06-11,11050.0,12150.0,12300.0,11050.0,38.09M,-3.91%
2020-06-12,11800.0,11200.0,11800.0,11000.0,31.67M,6.79%
2020-06-15,12050.0,12100.0,12600.0,11750.0,31.27M,2.12%
2020-06-16,11900.0,12500.0,12500.0,11900.0,18.76M,-1.24%
2020-06-17,11600.0,11850.0,11950.0,11550.0,15.66M,-2.52%
2020-06-18,11400.0,11400.0,11750.0,11350.0,13.24M,-1.72%
2020-06-19,11900.0,11550.0,11950.0,11400.0,15.35M,4.39%
2020-06-22,11700.0,12000.0,12000.0,11650.0,10.79M,-1.68%
2020-06-23,11550.0,11650.0,11800.0,11400.0,12.61M,-1.28%
2020-06-24,11200.0,11600.0,11650.0,11200.0,11.84M,-3.03%
2020-06-25,11450.0,11150.0,11500.0,10950.0,10.66M,2.23%
2020-06-26,11300.0,11600.0,11650.0,11200.0,6.48M,-1.31%
2020-06-29,10950.0,11300.0,11300.0,10900.0,13.16M,-3.10%
2020-06-30,10750.0,11100.0,11200.0,10600.0,10.86M,-1.83%
2020-07-01,11200.0,10800.0,11350.0,10750.0,9.14M,4.19%
2020-07-02,11050.0,11200.0,11300.0,11000.0,4.90M,-1.34%
2020-07-03,11000.0,11150.0,11200.0,11000.0,3.89M,-0.45%
2020-07-06,11550.0,11050.0,11600.0,11050.0,16.29M,5.00%
2020-07-07,11450.0,11600.0,11700.0,11400.0,8.91M,-0.87%
2020-07-08,11500.0,11400.0,11700.0,11350.0,9.19M,0.44%
2020-07-09,11800.0,11700.0,11850.0,11500.0,14.05M,2.61%
2020-07-10,11550.0,11700.0,11800.0,11500.0,8.38M,-2.12%
2020-07-13,11450.0,11650.0,11700.0,11450.0,6.10M,-0.87%
2020-07-14,11550.0,11400.0,11650.0,11350.0,6.75M,0.87%
2020-07-15,11550.0,11650.0,11700.0,11550.0,5.54M,0.00%
2020-07-16,11600.0,11550.0,11600.0,11450.0,5.10M,0.43%
2020-07-17,11600.0,11600.0,11750.0,11500.0,9.20M,0.00%
2020-07-20,11450.0,11650.0,11700.0,11450.0,8.09M,-1.29%
2020-07-21,11500.0,11450.0,11600.0,11400.0,7.05M,0.44%
2020-07-22,11300.0,11550.0,11600.0,11250.0,8.50M,-1.74%
2020-07-23,11250.0,11350.0,11400.0,11100.0,8.26M,-0.44%
2020-07-24,10900.0,11150.0,11250.0,10600.0,20.16M,-3.11%
2020-07-27,10150.0,10400.0,10650.0,10150.0,26.01M,-6.88%
2020-07-28,10550.0,10200.0,10600.0,10100.0,13.93M,3.94%
2020-07-29,10150.0,10250.0,10350.0,9950.0,14.83M,-3.79%
2020-07-30,10200.0,10200.0,10350.0,10150.0,6.31M,0.49%
2020-07-31,10100.0,9900.0,10250.0,9900.0,5.74M,-0.98%
2020-08-03,10350.0,10150.0,10450.0,10050.0,9.79M,2.48%
2020-08-04,10500.0,10500.0,10500.0,10350.0,6.79M,1.45%
2020-08-05,10650.0,10500.0,10700.0,10400.0,8.29M,1.43%
2020-08-06,10500.0,10600.0,10700.0,10500.0,5.68M,-1.41%
2020-08-07,10450.0,10550.0,10550.0,10400.0,7.12M,-0.48%
2020-08-10,10600.0,10550.0,10800.0,10550.0,11.95M,1.44%
2020-08-11,10650.0,10700.0,10750.0,10500.0,7.72M,0.47%
2020-08-12,10750.0,10650.0,10800.0,10600.0,8.77M,0.94%
2020-08-13,10850.0,10750.0,10900.0,10750.0,6.50M,0.93%
2020-08-14,10700.0,10850.0,10850.0,10650.0,8.81M,-1.38%
2020-08-17,10650.0,10700.0,10750.0,10550.0,5.19M,-0.47%
2020-08-18,10750.0,10650.0,10800.0,10600.0,5.21M,0.94%
2020-08-19,10800.0,10800.0,10800.0,10700.0,4.21M,0.47%
2020-08-20,10650.0,10750.0,10850.0,10650.0,6.06M,-1.39%
2020-08-21,11050.0,10700.0,11050.0,10650.0,12.93M,3.76%
2020-08-24,11300.0,11100.0,11400.0,11100.0,14.30M,2.26%
2020-08-25,11250.0,11300.0,11400.0,11200.0,9.62M,-0.44%
2020-08-26,11200.0,11250.0,11300.0,11100.0,9.99M,-0.44%
2020-08-27,11300.0,11250.0,11350.0,11150.0,6.80M,0.89%
2020-08-28,11350.0,11400.0,11450.0,11300.0,10.09M,0.44%
2020-08-31,11200.0,11500.0,11550.0,11200.0,8.67M,-1.32%
2020-09-01,11300.0,11200.0,11350.0,11150.0,4.57M,0.89%
2020-09-03,11400.0,11400.0,11450.0,11300.0,11.14M,0.88%
2020-09-04,11300.0,11250.0,11350.0,11200.0,9.88M,-0.88%
2020-09-07,11200.0,11400.0,11400.0,11200.0,6.94M,-0.88%
2020-09-08,11250.0,11250.0,11250.0,11100.0,6.01M,0.45%
2020-09-09,11300.0,11150.0,11300.0,11050.0,8.88M,0.44%
2020-09-10,11200.0,11350.0,11400.0,11200.0,5.25M,-0.88%
2020-09-11,11150.0,11150.0,11250.0,11100.0,5.39M,-0.45%
2020-09-14,11300.0,11200.0,11350.0,11200.0,6.80M,1.35%
2020-09-15,11600.0,11350.0,11800.0,11250.0,24.12M,2.65%
2020-09-16,11550.0,11650.0,11700.0,11550.0,10.18M,-0.43%
2020-09-17,11450.0,11550.0,11700.0,11450.0,11.36M,-0.87%
2020-09-18,11650.0,11450.0,11650.0,11450.0,8.72M,1.75%
2020-09-21,11750.0,11800.0,12050.0,11750.0,17.85M,0.86%
2020-09-22,12550.0,11750.0,12550.0,11650.0,45.71M,6.81%
2020-09-23,12650.0,12700.0,13250.0,12500.0,24.79M,0.80%
2020-09-24,12450.0,12600.0,12700.0,12400.0,17.73M,-1.58%
2020-09-25,13300.0,12450.0,13300.0,12400.0,39.32M,6.83%
2020-09-28,13800.0,13700.0,14050.0,13600.0,28.88M,3.76%
2020-09-29,13300.0,13800.0,13950.0,13300.0,22.79M,-3.62%
2020-09-30,13800.0,13300.0,13900.0,12950.0,28.31M,3.76%
2020-10-01,13750.0,14000.0,14200.0,13650.0,13.29M,-0.36%
2020-10-02,13450.0,13750.0,13900.0,13150.0,23.21M,-2.18%
2020-10-05,13700.0,13650.0,13800.0,13400.0,22.60M,1.86%
2020-10-06,14200.0,13750.0,14400.0,13700.0,27.11M,3.65%
2020-10-07,13700.0,14050.0,14300.0,13700.0,19.47M,-3.52%
2020-10-08,13550.0,13800.0,13850.0,13450.0,21.33M,-1.09%
2020-10-09,13550.0,13600.0,13800.0,13450.0,12.47M,0.00%
2020-10-12,13300.0,13700.0,13800.0,13300.0,17.96M,-1.85%
2020-10-13,13450.0,13300.0,13600.0,13200.0,12.67M,1.13%
2020-10-14,13500.0,13500.0,13750.0,13350.0,12.36M,0.37%
2020-10-15,13850.0,13600.0,14000.0,13450.0,20.80M,2.59%
2020-10-16,13750.0,13850.0,13950.0,13700.0,13.05M,-0.72%
2020-10-19,14100.0,13800.0,14300.0,13750.0,20.55M,2.55%
2020-10-20,14200.0,14000.0,14350.0,13950.0,17.70M,0.71%
2020-10-21,14400.0,14350.0,14750.0,14300.0,25.83M,1.41%
2020-10-22,14600.0,14350.0,14700.0,14200.0,18.15M,1.39%
2020-10-23,14550.0,14800.0,14800.0,14500.0,13.63M,-0.34%
2020-10-26,14100.0,14500.0,14650.0,14100.0,26.82M,-3.09%
2020-10-27,13300.0,14100.0,14200.0,13300.0,37.14M,-5.67%
2020-10-28,13100.0,13300.0,13650.0,13100.0,22.63M,-1.50%
2020-10-29,13500.0,13000.0,13500.0,13000.0,13.05M,3.05%
2020-10-30,13300.0,13500.0,13550.0,13050.0,8.18M,-1.48%
2020-11-02,13450.0,13400.0,13450.0,13250.0,5.46M,1.13%
2020-11-03,13600.0,13500.0,13700.0,13450.0,12.02M,1.12%
2020-11-04,13650.0,13700.0,13900.0,13500.0,9.73M,0.37%
2020-11-05,13350.0,13650.0,13700.0,13350.0,8.30M,-2.20%
2020-11-06,13350.0,13500.0,13500.0,13250.0,6.21M,0.00%
2020-11-09,13700.0,13500.0,13700.0,13400.0,7.87M,2.62%
2020-11-10,13600.0,13950.0,14000.0,13600.0,9.47M,-0.73%
2020-11-11,13600.0,13700.0,13700.0,13450.0,7.95M,0.00%
2020-11-12,13700.0,13600.0,13750.0,13600.0,6.76M,0.74%
2020-11-13,13900.0,13700.0,13950.0,13700.0,15.08M,1.46%
2020-11-16,13650.0,14050.0,14100.0,13650.0,12.29M,-1.80%
2020-11-17,13850.0,13700.0,13900.0,13600.0,9.08M,1.47%
2020-11-18,14200.0,13850.0,14400.0,13800.0,22.97M,2.53%
2020-11-19,14200.0,14200.0,14400.0,14050.0,12.62M,0.00%
2020-11-20,14150.0,14250.0,14250.0,14050.0,9.54M,-0.35%
2020-11-23,14600.0,14250.0,14700.0,14050.0,27.27M,3.18%
2020-11-24,14500.0,14600.0,14650.0,14200.0,16.81M,-0.68%
2020-11-25,14350.0,14550.0,14600.0,14350.0,12.06M,-1.03%
2020-11-26,14500.0,14350.0,14650.0,14350.0,21.86M,1.05%
2020-11-27,14500.0,14600.0,14600.0,14350.0,11.46M,0.00%
2020-11-30,14650.0,14550.0,15000.0,14500.0,18.68M,1.03%
2020-12-01,15450.0,14450.0,15500.0,14400.0,37.84M,5.46%
2020-12-02,15400.0,15450.0,15800.0,15150.0,21.12M,-0.32%
2020-12-03,15650.0,15550.0,15900.0,15450.0,20.88M,1.62%
2020-12-04,15600.0,15700.0,16100.0,15500.0,24.51M,-0.32%
2020-12-07,15550.0,15600.0,15750.0,15550.0,14.99M,-0.32%
2020-12-08,15850.0,15650.0,15900.0,15500.0,19.85M,1.93%
2020-12-09,15900.0,15900.0,16200.0,15900.0,18.90M,0.32%
2020-12-10,15550.0,15950.0,16050.0,15450.0,21.85M,-2.20%
2020-12-11,15800.0,15700.0,15900.0,15500.0,15.44M,1.61%
2020-12-14,15950.0,15950.0,16100.0,15800.0,15.68M,0.95%
2020-12-15,15950.0,15850.0,16050.0,15800.0,17.65M,0.00%
2020-12-16,16600.0,16300.0,16800.0,16250.0,23.93M,4.08%
2020-12-17,16600.0,16500.0,16950.0,16400.0,23.52M,0.00%
2020-12-18,17000.0,16800.0,17150.0,16650.0,25.12M,2.41%
2020-12-21,17000.0,17200.0,17300.0,16900.0,25.78M,0.00%
2020-12-22,17150.0,17000.0,17350.0,16900.0,34.46M,0.88%
2020-12-23,16700.0,17200.0,17300.0,16700.0,26.09M,-2.62%
2020-12-24,16500.0,16800.0,16850.0,15800.0,29.37M,-1.20%
2020-12-25,16950.0,16500.0,16950.0,16250.0,20.82M,2.73%
2020-12-28,16750.0,17050.0,17100.0,16550.0,23.67M,-1.18%
2020-12-29,16700.0,16750.0,16900.0,16600.0,13.08M,-0.30%
2020-12-30,16800.0,17000.0,17250.0,16800.0,35.81M,0.60%
2020-12-31,16900.0,17000.0,17000.0,16750.0,14.97M,0.60%
2021-01-04,17550.0,17050.0,17700.0,16900.0,46.81M,3.85%
2021-01-05,17700.0,17550.0,17950.0,17450.0,23.40M,0.85%
2021-01-06,18000.0,17900.0,18350.0,17700.0,31.19M,1.69%
2021-01-07,18450.0,18050.0,18450.0,17850.0,39.68M,2.50%
2021-01-08,19400.0,18800.0,19500.0,18650.0,34.89M,5.15%
2021-01-11,20100.0,20000.0,20400.0,19800.0,33.49M,3.61%
2021-01-12,19800.0,19900.0,20050.0,19500.0,27.24M,-1.49%
2021-01-13,19500.0,19800.0,20050.0,19400.0,26.65M,-1.52%
2021-01-14,20100.0,19650.0,20250.0,19000.0,27.46M,3.08%
2021-01-15,21100.0,20500.0,21500.0,20500.0,51.69M,4.98%
2021-01-18,20600.0,21700.0,21700.0,20250.0,59.66M,-2.37%
2021-01-19,19200.0,20350.0,20450.0,19200.0,45.05M,-6.80%
2021-01-20,19000.0,19400.0,19600.0,17950.0,34.43M,-1.04%
2021-01-21,20000.0,19400.0,20000.0,18850.0,34.48M,5.26%
2021-01-22,19950.0,20000.0,20200.0,19700.0,29.97M,-0.25%
2021-01-25,19350.0,19700.0,19900.0,19350.0,28.07M,-3.01%
2021-01-26,18100.0,19300.0,19300.0,18050.0,32.30M,-6.46%
2021-01-27,17250.0,17800.0,18650.0,17000.0,32.16M,-4.70%
2021-01-28,16050.0,16150.0,16950.0,16050.0,45.05M,-6.96%
2021-01-29,16900.0,15500.0,17150.0,15500.0,31.23M,5.30%
2021-02-01,16100.0,17000.0,17450.0,16100.0,23.12M,-4.73%
2021-02-02,17150.0,16400.0,17200.0,16000.0,20.76M,6.52%
2021-02-03,18000.0,17350.0,18200.0,17150.0,27.11M,4.96%
2021-02-04,17600.0,17900.0,18150.0,17550.0,18.65M,-2.22%
2021-02-05,18300.0,17650.0,18300.0,17600.0,18.06M,3.98%
2021-02-08,17400.0,18300.0,18450.0,17100.0,24.04M,-4.92%
2021-02-09,18150.0,17500.0,18200.0,17100.0,18.23M,4.31%
2021-02-17,18750.0,18300.0,18800.0,18200.0,21.03M,3.31%
2021-02-18,18600.0,18700.0,18800.0,18450.0,22.50M,-0.80%
2021-02-19,18700.0,18400.0,19000.0,18250.0,22.59M,0.54%
2021-02-22,18600.0,18800.0,19200.0,18550.0,25.99M,-0.53%
2021-02-23,18800.0,18650.0,19000.0,18500.0,24.90M,1.08%
2021-02-24,18350.0,18950.0,19150.0,18300.0,24.70M,-2.39%
2021-02-25,18500.0,18600.0,18650.0,18200.0,18.34M,0.82%
2021-02-26,18350.0,18250.0,18550.0,18200.0,17.42M,-0.81%
2021-03-01,19100.0,18600.0,19150.0,18500.0,35.78M,4.09%
2021-03-02,19150.0,19600.0,19600.0,19050.0,21.14M,0.26%
2021-03-03,19000.0,19150.0,19300.0,19000.0,16.62M,-0.78%
2021-03-04,18350.0,19050.0,19150.0,18300.0,23.54M,-3.42%
2021-03-05,18700.0,18350.0,18850.0,18150.0,24.86M,1.91%
2021-03-08,18600.0,19000.0,19150.0,18500.0,13.65M,-0.53%
2021-03-09,18550.0,18500.0,18700.0,18300.0,14.77M,-0.27%
2021-03-10,18700.0,18650.0,18900.0,18400.0,18.97M,0.81%
2021-03-11,19300.0,19000.0,19350.0,18850.0,34.59M,3.21%
2021-03-12,19200.0,19400.0,19500.0,19000.0,19.94M,-0.52%
2021-03-15,18900.0,19200.0,19350.0,18900.0,22.95M,-1.56%
2021-03-16,18900.0,18950.0,19150.0,18750.0,23.80M,0.00%
2021-03-17,19600.0,19000.0,19750.0,19000.0,38.32M,3.70%
2021-03-18,19700.0,19850.0,19950.0,19600.0,19.88M,0.51%
2021-03-19,19600.0,19600.0,19900.0,19550.0,24.33M,-0.51%
2021-03-22,19200.0,19700.0,19700.0,19150.0,32.82M,-2.04%
2021-03-23,18800.0,19200.0,19200.0,18750.0,25.30M,-2.08%
2021-03-24,18400.0,18550.0,18850.0,18300.0,22.97M,-2.13%
2021-03-25,18750.0,18600.0,19050.0,18450.0,28.72M,1.90%
2021-03-26,18950.0,18750.0,19100.0,18300.0,23.37M,1.07%
2021-03-29,19200.0,19050.0,19250.0,18900.0,37.00M,1.32%
2021-03-30,20500.0,19250.0,20500.0,19000.0,99.98M,6.77%
2021-03-31,21450.0,21450.0,21900.0,21250.0,56.67M,4.63%
2021-04-01,21600.0,21400.0,21650.0,21100.0,33.20M,0.70%
2021-04-02,22600.0,21900.0,22950.0,21800.0,56.04M,4.63%
2021-04-05,23150.0,23000.0,23300.0,22600.0,46.16M,2.43%
2021-04-06,22750.0,22600.0,23200.0,22600.0,42.37M,-1.73%
2021-04-07,22300.0,22300.0,22600.0,22100.0,51.63M,-1.98%
2021-04-08,22200.0,22500.0,22600.0,22000.0,26.67M,-0.45%
2021-04-09,22700.0,22200.0,22900.0,22200.0,25.32M,2.25%
2021-04-12,23450.0,23000.0,23850.0,22750.0,49.31M,3.30%
2021-04-13,22700.0,23450.0,23550.0,22600.0,46.63M,-3.20%
2021-04-14,22900.0,22500.0,22950.0,22200.0,35.11M,0.88%
2021-04-15,22350.0,23000.0,23000.0,22200.0,36.95M,-2.40%
2021-04-16,22100.0,22200.0,22800.0,21800.0,41.49M,-1.12%
2021-04-19,22900.0,22300.0,22900.0,22000.0,29.03M,3.62%
2021-04-20,22500.0,23000.0,23150.0,22300.0,29.74M,-1.75%
2021-04-22,21000.0,22500.0,22600.0,21000.0,35.45M,-6.67%
2021-04-23,22450.0,21300.0,22450.0,20900.0,45.23M,6.90%
2021-04-26,22550.0,22900.0,23200.0,22450.0,41.63M,0.45%
2021-04-27,23100.0,22550.0,23250.0,22300.0,47.55M,2.44%
2021-04-28,24200.0,23100.0,24350.0,22900.0,71.13M,4.76%
2021-04-29,23900.0,24250.0,24600.0,23850.0,38.89M,-1.24%
2021-05-04,24100.0,23300.0,24200.0,23150.0,54.31M,0.84%
2021-05-05,24700.0,24150.0,25100.0,24050.0,51.68M,2.49%
2021-05-06,24400.0,24550.0,24900.0,24300.0,34.27M,-1.21%
2021-05-07,24000.0,24250.0,24550.0,23800.0,48.46M,-1.64%
2021-05-10,24300.0,23800.0,24500.0,23700.0,41.49M,1.25%
2021-05-11,24650.0,24450.0,25450.0,24450.0,58.01M,1.44%
2021-05-12,26350.0,24850.0,26350.0,24800.0,59.48M,6.90%
2021-05-13,26300.0,26050.0,27150.0,26050.0,47.11M,-0.19%
2021-05-14,26400.0,26600.0,26850.0,26150.0,32.74M,0.38%
2021-05-17,25950.0,26500.0,26700.0,25850.0,39.75M,-1.70%
2021-05-18,27300.0,25900.0,27400.0,25650.0,44.75M,5.20%
2021-05-19,28500.0,27300.0,28700.0,27300.0,46.48M,4.40%
2021-05-20,29400.0,28450.0,29550.0,28100.0,57.27M,3.16%
2021-05-21,28850.0,29250.0,29800.0,28800.0,45.79M,-1.87%
2021-05-24,28900.0,28850.0,29250.0,28800.0,31.60M,0.17%
2021-05-25,29350.0,28950.0,29750.0,28900.0,24.12M,1.56%
2021-05-26,29500.0,29600.0,29800.0,29350.0,31.49M,0.51%
2021-05-27,29800.0,29550.0,30300.0,29000.0,46.75M,1.02%
2021-05-28,31850.0,30400.0,31850.0,30000.0,73.84M,6.88%
2021-05-31,33800.0,32150.0,33900.0,31900.0,42.13M,6.12%
2021-06-01,32400.0,33500.0,33550.0,32350.0,47.06M,-4.14%
2021-06-02,32200.0,31600.0,32400.0,31200.0,51.66M,-0.62%
2021-06-03,32750.0,33200.0,33200.0,32200.0,30.95M,1.71%
2021-06-04,32150.0,32200.0,33000.0,31800.0,37.48M,-1.83%
2021-06-07,30700.0,31800.0,32000.0,30000.0,38.82M,-4.51%
2021-06-08,28600.0,30200.0,31300.0,28600.0,47.30M,-6.84%
2021-06-09,29600.0,28500.0,30350.0,28000.0,37.52M,3.50%
2021-06-10,28900.0,29600.0,30050.0,28800.0,23.98M,-2.36%
2021-06-11,30500.0,29100.0,30800.0,28800.0,36.44M,5.54%
2021-06-14,30800.0,30700.0,31300.0,30400.0,26.89M,0.98%
2021-06-15,30100.0,30800.0,30800.0,29800.0,29.66M,-2.27%
2021-06-16,29200.0,29600.0,30200.0,29000.0,30.69M,-2.99%
2021-06-17,29400.0,28550.0,29650.0,28550.0,19.58M,0.68%
2021-06-18,29650.0,29900.0,30100.0,29500.0,16.99M,0.85%
2021-06-21,29850.0,29500.0,30300.0,29350.0,24.07M,0.67%
2021-06-22,30200.0,30150.0,30750.0,29850.0,25.19M,1.17%
2021-06-23,29750.0,30200.0,30350.0,29750.0,24.11M,-1.49%
2021-06-24,29000.0,29750.0,29900.0,28850.0,21.75M,-2.52%
2021-06-25,29500.0,29000.0,29500.0,28900.0,15.57M,1.72%
2021-06-28,30200.0,29800.0,30400.0,29450.0,19.30M,2.37%
2021-06-29,31000.0,30500.0,31500.0,30400.0,36.07M,2.65%
2021-06-30,30600.0,30950.0,31400.0,30500.0,16.50M,-1.29%
2021-07-01,31000.0,30600.0,31250.0,30450.0,29.59M,1.31%
2021-07-02,31500.0,31100.0,31950.0,31100.0,41.48M,1.61%
2021-07-05,32600.0,31600.0,32600.0,30900.0,53.69M,3.49%
2021-07-06,30350.0,32800.0,33100.0,30350.0,38.58M,-6.90%
2021-07-07,31050.0,30650.0,31150.0,30000.0,41.48M,2.31%
2021-07-08,30200.0,31000.0,31300.0,30100.0,32.24M,-2.74%
2021-07-09,29100.0,30000.0,30500.0,29000.0,38.41M,-3.64%
2021-07-12,28400.0,29150.0,29200.0,27100.0,62.62M,-2.41%
2021-07-13,28700.0,28800.0,29000.0,28050.0,18.44M,1.06%
2021-07-14,27400.0,28700.0,28700.0,27000.0,25.27M,-4.53%
2021-07-15,28800.0,27100.0,28800.0,27100.0,25.37M,5.11%
2021-07-16,28450.0,28900.0,29100.0,28400.0,19.47M,-1.22%
2021-07-19,27500.0,27500.0,27950.0,26700.0,38.56M,-3.34%
2021-07-20,28100.0,27800.0,28100.0,27200.0,23.88M,2.18%
2021-07-21,27850.0,28300.0,28400.0,27800.0,14.14M,-0.89%
2021-07-22,28000.0,27850.0,28150.0,27650.0,16.62M,0.54%
2021-07-23,28700.0,28300.0,29950.0,27900.0,63.58M,2.50%
2021-07-26,28700.0,28900.0,29300.0,28350.0,15.10M,0.00%
2021-07-27,29100.0,29000.0,29750.0,28700.0,29.76M,1.39%
2021-07-28,28900.0,28900.0,29450.0,28700.0,17.53M,-0.69%
2021-07-29,29300.0,29100.0,29400.0,29000.0,16.10M,1.38%
2021-07-30,29900.0,29400.0,30350.0,29250.0,32.25M,2.05%
2021-08-02,29300.0,29800.0,30400.0,29300.0,26.51M,-2.01%
2021-08-03,29800.0,29400.0,29800.0,29250.0,26.54M,1.71%
2021-08-04,30650.0,29800.0,30800.0,29650.0,48.35M,2.85%
2021-08-05,31050.0,30600.0,31250.0,30300.0,30.72M,1.31%
2021-08-06,30300.0,31000.0,31150.0,30300.0,30.92M,-2.42%
2021-08-09,30700.0,30300.0,30800.0,30100.0,20.91M,1.32%
2021-08-10,30600.0,30850.0,31000.0,30300.0,24.37M,-0.33%
2021-08-11,30400.0,30500.0,30850.0,30350.0,26.16M,-0.65%
2021-08-12,29600.0,30300.0,30500.0,29600.0,27.94M,-2.63%
2021-08-13,29700.0,29600.0,29800.0,29150.0,22.96M,0.34%
2021-08-16,30300.0,29850.0,30400.0,29400.0,24.10M,2.02%
2021-08-17,30150.0,30300.0,30600.0,30000.0,20.33M,-0.50%
2021-08-18,29950.0,30000.0,30150.0,29550.0,22.20M,-0.66%
2021-08-19,29950.0,29800.0,30050.0,29600.0,16.70M,0.00%
2021-08-20,28300.0,29800.0,29900.0,28000.0,42.11M,-5.51%
2021-08-23,27000.0,28200.0,28500.0,27000.0,29.89M,-4.59%
2021-08-24,27250.0,26900.0,27850.0,26650.0,25.86M,0.93%
2021-08-25,27350.0,27350.0,27550.0,27100.0,8.16M,0.37%
2021-08-26,27100.0,27500.0,27550.0,26850.0,13.17M,-0.91%
2021-08-27,27300.0,27000.0,27300.0,26550.0,16.48M,0.74%
2021-08-30,27900.0,27350.0,27950.0,27200.0,11.73M,2.20%
2021-08-31,27350.0,28000.0,28000.0,27300.0,11.98M,-1.97%
2021-09-01,27200.0,27200.0,27500.0,27200.0,10.29M,-0.55%
2021-09-06,27550.0,27200.0,27850.0,27100.0,16.26M,1.29%
2021-09-07,27900.0,27750.0,28350.0,27550.0,13.78M,1.27%
2021-09-08,27300.0,27900.0,28100.0,27300.0,9.67M,-2.15%
2021-09-09,27350.0,27150.0,27500.0,27100.0,9.34M,0.18%
2021-09-10,27200.0,27500.0,27600.0,27150.0,10.70M,-0.55%
2021-09-13,26900.0,27250.0,27300.0,26800.0,10.65M,-1.10%
2021-09-14,26650.0,26900.0,27200.0,26650.0,12.64M,-0.93%
2021-09-15,26600.0,26650.0,26900.0,26550.0,10.16M,-0.19%
2021-09-16,26750.0,26900.0,26950.0,26600.0,5.19M,0.56%
2021-09-17,26800.0,26900.0,27100.0,26700.0,16.37M,0.19%
2021-09-20,27100.0,27000.0,27500.0,26900.0,17.46M,1.12%
2021-09-21,26800.0,26850.0,27050.0,26500.0,14.21M,-1.11%
2021-09-22,26700.0,26800.0,26850.0,26550.0,8.39M,-0.37%
2021-09-23,26600.0,26750.0,27000.0,26600.0,12.78M,-0.37%
2021-09-24,26750.0,26700.0,27200.0,26600.0,13.85M,0.56%
2021-09-27,26500.0,27000.0,27100.0,26500.0,10.52M,-0.93%
2021-09-28,26550.0,26350.0,26600.0,26200.0,9.95M,0.19%
2021-09-29,25800.0,26500.0,26550.0,25700.0,19.93M,-2.82%
2021-09-30,25700.0,25850.0,26150.0,25700.0,10.10M,-0.39%
2021-10-01,24700.0,25650.0,25650.0,24500.0,24.15M,-3.89%
2021-10-04,24300.0,24500.0,24800.0,24050.0,15.74M,-1.62%
2021-10-05,25750.0,24400.0,25750.0,24400.0,13.48M,5.97%
2021-10-06,25500.0,25800.0,25800.0,25450.0,11.70M,-0.97%
2021-10-07,25500.0,25500.0,25750.0,24900.0,10.02M,0.00%
2021-10-08,25700.0,25600.0,26000.0,25300.0,9.33M,0.78%
2021-10-11,26500.0,25900.0,26600.0,25900.0,16.46M,3.11%
2021-10-12,26600.0,26750.0,26800.0,26350.0,11.68M,0.38%
2021-10-13,26250.0,26700.0,26750.0,26200.0,9.60M,-1.32%
2021-10-14,26400.0,26200.0,26700.0,26200.0,8.76M,0.57%
2021-10-15,26850.0,26500.0,27200.0,26400.0,18.82M,1.70%
2021-10-18,26900.0,27000.0,27200.0,26850.0,14.77M,0.19%
2021-10-19,26200.0,26900.0,26950.0,26200.0,8.32M,-2.60%
2021-10-20,26300.0,26400.0,26750.0,25650.0,14.90M,0.38%
2021-10-21,26100.0,26500.0,26600.0,26000.0,8.67M,-0.76%
2021-10-22,26200.0,26400.0,26400.0,26000.0,6.24M,0.38%
2021-10-25,25600.0,26000.0,26250.0,25600.0,15.09M,-2.29%
2021-10-26,25600.0,25600.0,25750.0,25200.0,10.16M,0.00%
2021-10-27,26500.0,25750.0,26650.0,25650.0,18.10M,3.52%
2021-10-28,26700.0,26600.0,26700.0,26000.0,11.06M,0.75%
2021-10-29,26600.0,26600.0,26700.0,26200.0,10.00M,-0.37%
2021-11-01,26600.0,26600.0,27050.0,26200.0,14.69M,0.00%
2021-11-02,26650.0,26700.0,26800.0,26500.0,9.86M,0.19%
2021-11-03,27900.0,26800.0,28450.0,26500.0,41.00M,4.69%
2021-11-04,27450.0,27900.0,28150.0,27450.0,13.51M,-1.61%
2021-11-05,27650.0,27500.0,27750.0,27350.0,9.44M,0.73%
2021-11-08,27850.0,27650.0,28000.0,27300.0,22.64M,0.72%
2021-11-09,28100.0,28050.0,28800.0,27300.0,26.35M,0.90%
2021-11-10,28450.0,28200.0,28750.0,28150.0,16.09M,1.25%
2021-11-11,27700.0,28550.0,28600.0,27700.0,22.52M,-2.64%
2021-11-12,28100.0,27450.0,28450.0,27300.0,17.02M,1.44%
2021-11-15,27950.0,28400.0,28400.0,27650.0,12.70M,-0.53%
2021-11-16,28050.0,28000.0,28800.0,27700.0,22.04M,0.36%
2021-11-17,28000.0,28100.0,28300.0,27600.0,10.32M,-0.18%
2021-11-18,27650.0,28150.0,28150.0,27550.0,12.18M,-1.25%
2021-11-19,27900.0,27700.0,28450.0,27000.0,22.04M,0.90%
2021-11-22,28800.0,28000.0,29500.0,27900.0,35.71M,3.23%
2021-11-23,28500.0,28950.0,28950.0,28300.0,10.73M,-1.04%
2021-11-24,30450.0,28500.0,30450.0,28350.0,67.32M,6.84%
2021-11-25,30650.0,31000.0,31250.0,30350.0,28.51M,0.66%
2021-11-26,30850.0,30700.0,31450.0,30500.0,29.14M,0.65%
2021-11-29,29900.0,30100.0,30600.0,29800.0,38.63M,-3.08%
2021-11-30,28900.0,30250.0,30300.0,28650.0,35.42M,-3.34%
2021-12-01,29900.0,28800.0,29900.0,28750.0,19.24M,3.46%
2021-12-02,29300.0,29900.0,30050.0,29300.0,13.46M,-2.01%
2021-12-03,28000.0,29400.0,29550.0,28000.0,23.48M,-4.44%
2021-12-06,27000.0,28000.0,28400.0,26400.0,26.47M,-3.57%
2021-12-07,28050.0,27300.0,28100.0,26900.0,12.83M,3.89%
2021-12-08,28600.0,28050.0,28800.0,27800.0,15.75M,1.96%
2021-12-09,28850.0,28500.0,28900.0,28400.0,11.92M,0.87%
2021-12-10,28600.0,28850.0,29050.0,28400.0,9.89M,-0.87%
2021-12-13,28650.0,28600.0,29000.0,28350.0,10.71M,0.17%
2021-12-14,28100.0,28550.0,28800.0,28100.0,11.43M,-1.92%
2021-12-15,28350.0,28100.0,28900.0,27700.0,15.19M,0.89%
2021-12-16,28600.0,28700.0,28700.0,28000.0,11.08M,0.88%
2021-12-17,28300.0,28650.0,28700.0,28000.0,9.27M,-1.05%
2021-12-20,28650.0,28250.0,28700.0,28150.0,13.06M,1.24%
2021-12-21,28200.0,28650.0,28800.0,28200.0,9.48M,-1.57%
2021-12-22,27650.0,28450.0,28600.0,27200.0,12.05M,-1.95%
2021-12-23,27400.0,27600.0,27800.0,26900.0,14.27M,-0.90%
2021-12-24,28200.0,27400.0,28250.0,27400.0,10.41M,2.92%
2021-12-27,28100.0,28450.0,28450.0,27850.0,7.41M,-0.35%
2021-12-28,30050.0,28250.0,30050.0,28050.0,45.05M,6.94%
2021-12-29,29500.0,30500.0,30800.0,29500.0,16.20M,-1.83%
2021-12-30,30500.0,29600.0,31050.0,29600.0,26.16M,3.39%
2021-12-31,31500.0,30700.0,32300.0,30500.0,35.41M,3.28%
2022-01-04,32100.0,32000.0,32850.0,31700.0,32.86M,1.90%
2022-01-05,32550.0,31900.0,32800.0,31700.0,36.94M,1.40%
2022-01-06,32700.0,32500.0,33900.0,32400.0,38.54M,0.46%
2022-01-07,31950.0,32700.0,32950.0,31950.0,28.17M,-2.29%
2022-01-10,31600.0,31950.0,32950.0,31150.0,28.38M,-1.10%
2022-01-11,32450.0,31800.0,33300.0,31700.0,29.60M,2.69%
2022-01-12,34700.0,32500.0,34700.0,31650.0,62.42M,6.93%
2022-01-13,34300.0,35400.0,36200.0,34300.0,43.95M,-1.15%
2022-01-14,35000.0,33800.0,35450.0,33750.0,26.70M,2.04%
2022-01-17,32600.0,35500.0,35600.0,32600.0,44.37M,-6.86%
2022-01-18,33900.0,32600.0,34500.0,32550.0,39.68M,3.99%
2022-01-19,32900.0,34300.0,34400.0,32700.0,20.80M,-2.95%
2022-01-20,33800.0,32600.0,33900.0,31800.0,30.98M,2.74%
2022-01-21,34600.0,33600.0,35250.0,33350.0,39.14M,2.37%
2022-01-24,33300.0,34400.0,34950.0,33000.0,30.19M,-3.76%
2022-01-25,34700.0,33100.0,34800.0,33000.0,24.09M,4.20%
2022-01-26,35550.0,35000.0,36500.0,34800.0,48.91M,2.45%
2022-01-27,35400.0,35300.0,35950.0,34750.0,23.70M,-0.42%
2022-01-28,35550.0,35200.0,36200.0,35200.0,22.21M,0.42%
2022-02-07,35600.0,36000.0,36300.0,35450.0,18.65M,0.14%
2022-02-08,35850.0,35350.0,36200.0,35350.0,18.82M,0.70%
2022-02-09,35050.0,36000.0,36700.0,35000.0,32.93M,-2.23%
2022-02-10,34750.0,35000.0,35250.0,34200.0,33.96M,-0.86%
2022-02-11,35300.0,34750.0,35350.0,34450.0,18.45M,1.58%
2022-02-14,32850.0,34850.0,35000.0,32850.0,37.42M,-6.94%
2022-02-15,33500.0,33100.0,33900.0,32700.0,31.17M,1.98%
2022-02-16,33600.0,33750.0,34100.0,33100.0,20.06M,0.30%
2022-02-17,33900.0,33600.0,34250.0,33450.0,15.74M,0.89%
2022-02-18,33350.0,33600.0,33800.0,33200.0,18.49M,-1.62%
2022-02-21,33200.0,33350.0,33550.0,32800.0,21.15M,-0.45%
2022-02-22,33700.0,32900.0,33700.0,32800.0,24.42M,1.51%
2022-02-23,33600.0,33900.0,33950.0,33600.0,13.87M,-0.30%
2022-02-24,32900.0,33400.0,33700.0,32000.0,30.48M,-2.08%
2022-02-25,33000.0,33100.0,33550.0,32900.0,17.79M,0.30%
2022-02-28,32850.0,33000.0,33350.0,32800.0,16.46M,-0.45%
2022-03-01,32650.0,33000.0,33000.0,32650.0,16.92M,-0.61%
2022-03-02,31250.0,32500.0,32550.0,31100.0,45.28M,-4.29%
2022-03-03,31850.0,31550.0,31900.0,31100.0,19.79M,1.92%
2022-03-04,32000.0,31850.0,32550.0,31500.0,13.26M,0.47%
2022-03-07,31500.0,31200.0,32000.0,31200.0,16.73M,-1.56%
2022-03-08,30850.0,31050.0,31650.0,30650.0,16.48M,-2.06%
2022-03-09,31100.0,31000.0,31300.0,30500.0,14.91M,0.81%
2022-03-10,31550.0,31750.0,32000.0,31550.0,12.22M,1.45%
2022-03-11,32050.0,31400.0,32450.0,31300.0,15.99M,1.58%
2022-03-14,32500.0,32050.0,32600.0,31850.0,20.98M,1.40%
2022-03-15,32700.0,32500.0,33150.0,32350.0,17.47M,0.62%
2022-03-16,32900.0,32800.0,32950.0,32550.0,11.15M,0.61%
2022-03-17,32800.0,33000.0,33150.0,32650.0,10.88M,-0.30%
2022-03-18,33100.0,32800.0,33250.0,32550.0,26.73M,0.91%
2022-03-21,33100.0,33100.0,33450.0,32800.0,12.85M,0.00%
2022-03-22,34050.0,33350.0,34200.0,33350.0,24.58M,2.87%
2022-03-23,34000.0,34000.0,34300.0,33650.0,15.50M,-0.15%
2022-03-24,33650.0,34000.0,34050.0,33600.0,9.92M,-1.03%
2022-03-25,33650.0,33600.0,34000.0,33600.0,11.34M,0.00%
2022-03-28,31850.0,33500.0,33550.0,31800.0,36.75M,-5.35%
2022-03-29,32300.0,32100.0,32350.0,31750.0,12.69M,1.41%
2022-03-30,32250.0,31950.0,32650.0,31500.0,15.93M,-0.15%
2022-03-31,31700.0,32100.0,32450.0,31700.0,9.02M,-1.71%
2022-04-01,32200.0,31650.0,32250.0,31550.0,9.16M,1.58%
2022-04-04,32200.0,32500.0,32700.0,32150.0,10.19M,0.00%
2022-04-05,31800.0,32050.0,32300.0,31800.0,8.73M,-1.24%
2022-04-06,32350.0,31800.0,32600.0,31550.0,12.15M,1.73%
2022-04-07,31900.0,32400.0,32900.0,31750.0,11.48M,-1.39%
2022-04-08,31000.0,31900.0,31950.0,30900.0,18.75M,-2.82%
2022-04-12,30800.0,31150.0,31450.0,30500.0,9.62M,-0.65%
2022-04-13,31350.0,31000.0,31500.0,30700.0,6.92M,1.79%
2022-04-14,30800.0,31350.0,31500.0,30750.0,6.47M,-1.75%
2022-04-15,30100.0,30700.0,31000.0,30100.0,10.46M,-2.27%
2022-04-18,29000.0,30100.0,30200.0,29000.0,14.86M,-3.65%
2022-04-19,27500.0,29100.0,29400.0,27500.0,15.85M,-5.17%
2022-04-20,27550.0,27800.0,28200.0,27450.0,12.02M,0.18%
2022-04-21,27650.0,27400.0,28350.0,27100.0,9.90M,0.36%
2022-04-22,28800.0,28100.0,29000.0,27800.0,11.53M,4.16%
2022-04-25,26800.0,28800.0,29000.0,26800.0,14.39M,-6.94%
2022-04-26,27400.0,26600.0,27500.0,25650.0,11.11M,2.24%
2022-04-27,28200.0,27000.0,28200.0,26450.0,8.59M,2.92%
2022-04-28,27700.0,27850.0,28200.0,27400.0,6.52M,-1.77%
2022-04-29,27700.0,27550.0,28150.0,27400.0,11.17M,0.00%
2022-05-04,26750.0,27700.0,27700.0,26700.0,8.98M,-3.43%
2022-05-05,26900.0,27000.0,27050.0,25900.0,13.51M,0.56%
2022-05-06,25500.0,26000.0,26600.0,25400.0,15.25M,-5.20%
2022-05-09,23750.0,25100.0,25100.0,23750.0,23.97M,-6.86%
2022-05-10,23900.0,22550.0,23900.0,22550.0,18.39M,0.63%
2022-05-11,23550.0,23900.0,24000.0,22800.0,13.07M,-1.46%
2022-05-12,21950.0,23450.0,23450.0,21950.0,24.21M,-6.79%
2022-05-13,20450.0,21500.0,21950.0,20450.0,22.54M,-6.83%
2022-05-16,19050.0,21100.0,21300.0,19050.0,35.19M,-6.85%
2022-05-17,20350.0,18700.0,20350.0,18600.0,30.82M,6.82%
2022-05-18,21750.0,20950.0,21750.0,20700.0,27.10M,6.88%
2022-05-19,21750.0,21300.0,22400.0,21250.0,22.22M,0.00%
2022-05-20,21600.0,21750.0,22050.0,21500.0,14.33M,-0.69%
2022-05-23,20350.0,21750.0,21750.0,20150.0,30.82M,-5.79%
2022-05-24,21750.0,20350.0,21750.0,20100.0,17.95M,6.88%
2022-05-25,22750.0,22000.0,22850.0,22000.0,20.35M,4.60%
2022-05-26,22400.0,22600.0,22750.0,22300.0,15.27M,-1.54%
2022-05-27,22250.0,22500.0,22700.0,22100.0,15.04M,-0.67%
2022-05-30,22800.0,22450.0,23000.0,22250.0,16.39M,2.47%
2022-05-31,22350.0,22600.0,22800.0,22350.0,12.81M,-1.97%
2022-06-01,22250.0,22300.0,22600.0,22000.0,14.73M,-0.45%
2022-06-02,21550.0,22350.0,22400.0,21450.0,15.93M,-3.15%
2022-06-03,21150.0,21500.0,21700.0,20950.0,12.08M,-1.86%
2022-06-06,20500.0,21150.0,21400.0,20500.0,17.16M,-3.07%
2022-06-07,20200.0,20500.0,20550.0,19800.0,16.80M,-1.46%
2022-06-08,21600.0,20400.0,21600.0,20300.0,11.49M,6.93%
2022-06-09,22300.0,22250.0,22350.0,21700.0,16.07M,3.24%
2022-06-10,21900.0,21800.0,22700.0,21750.0,17.45M,-1.79%
2022-06-13,20600.0,21050.0,21600.0,20500.0,16.68M,-5.94%
2022-06-14,20900.0,20350.0,21250.0,20350.0,12.47M,1.46%
2022-06-15,20700.0,21000.0,21050.0,19950.0,13.26M,-0.96%
2022-06-16,21000.0,21100.0,21250.0,20800.0,11.25M,1.45%
2022-06-17,20250.0,20500.0,20500.0,19800.0,12.49M,-3.57%
2022-06-20,18850.0,20300.0,20550.0,18850.0,16.89M,-6.91%
2022-06-21,19200.0,18850.0,19600.0,18700.0,10.84M,1.86%
2022-06-22,20500.0,19700.0,20500.0,19600.0,9.69M,6.77%
2022-06-23,21300.0,20150.0,21700.0,20150.0,15.47M,3.90%
2022-06-24,21200.0,21300.0,21800.0,21050.0,11.60M,-0.47%
2022-06-27,21500.0,21400.0,21750.0,21150.0,9.79M,1.42%
2022-06-28,22550.0,21500.0,22800.0,21350.0,24.89M,4.88%
2022-06-29,22600.0,22100.0,23300.0,22100.0,13.81M,0.22%
2022-06-30,21500.0,22550.0,22750.0,21500.0,18.79M,-4.87%
2022-07-01,22000.0,21400.0,22050.0,20700.0,16.87M,2.33%
2022-07-04,22350.0,22300.0,22950.0,22100.0,22.13M,1.59%
2022-07-05,23050.0,22400.0,23600.0,22350.0,30.05M,3.13%
2022-07-06,22500.0,22600.0,23400.0,22450.0,17.73M,-2.39%
2022-07-07,22600.0,22500.0,23150.0,22100.0,15.94M,0.44%
2022-07-08,22500.0,23000.0,23050.0,22350.0,15.74M,-0.44%
2022-07-11,22050.0,22250.0,22450.0,21650.0,21.17M,-2.00%
2022-07-12,22600.0,22150.0,22800.0,21950.0,12.47M,2.49%
2022-07-13,23050.0,22600.0,23400.0,22600.0,17.15M,1.99%
2022-07-14,23300.0,22900.0,23350.0,22800.0,12.88M,1.08%
2022-07-15,23000.0,23400.0,23750.0,22950.0,16.98M,-1.29%
2022-07-18,22550.0,23050.0,23400.0,22550.0,14.31M,-1.96%
2022-07-19,22950.0,22550.0,23150.0,22450.0,11.69M,1.77%
2022-07-20,23050.0,23250.0,23500.0,22950.0,11.20M,0.44%
2022-07-21,23100.0,23050.0,23600.0,23000.0,17.95M,0.22%
2022-07-22,23000.0,23300.0,23500.0,23000.0,11.58M,-0.43%
2022-07-25,22850.0,23000.0,23300.0,22800.0,6.67M,-0.65%
2022-07-26,22950.0,22950.0,22950.0,22700.0,9.28M,0.44%
2022-07-27,23050.0,22850.0,23050.0,22750.0,9.17M,0.44%
2022-07-28,24450.0,23350.0,24650.0,23250.0,40.24M,6.07%
2022-07-29,24700.0,24650.0,24900.0,24300.0,17.76M,1.02%
2022-08-01,25200.0,24500.0,25600.0,24500.0,16.70M,2.02%
2022-08-02,24950.0,25000.0,25500.0,24850.0,18.61M,-0.99%
2022-08-03,25450.0,24850.0,25650.0,24750.0,14.34M,2.00%
2022-08-04,25200.0,25650.0,25700.0,25100.0,13.13M,-0.98%
2022-08-05,25250.0,25100.0,25250.0,24850.0,12.67M,0.20%
2022-08-08,25300.0,25250.0,25650.0,25100.0,7.66M,0.20%
2022-08-09,25250.0,25300.0,25500.0,25000.0,7.86M,-0.20%
2022-08-10,24900.0,25200.0,25300.0,24900.0,8.97M,-1.39%
2022-08-11,25200.0,25200.0,25600.0,24800.0,15.66M,1.20%
2022-08-12,25650.0,25050.0,25650.0,25050.0,8.39M,1.79%
2022-08-15,25650.0,25900.0,26350.0,25650.0,13.67M,0.00%
2022-08-16,25550.0,25800.0,25800.0,25350.0,9.49M,-0.39%
2022-08-17,25400.0,25550.0,25600.0,25300.0,11.13M,-0.59%
2022-08-18,25200.0,25200.0,25650.0,25000.0,12.92M,-0.79%
2022-08-19,25100.0,25250.0,25500.0,25050.0,7.72M,-0.40%
2022-08-22,24700.0,25000.0,25200.0,24700.0,9.67M,-1.59%
2022-08-23,25000.0,24600.0,25000.0,24300.0,9.88M,1.21%
2022-08-24,25400.0,25100.0,25550.0,24800.0,13.33M,1.60%
2022-08-25,25650.0,25550.0,25650.0,25400.0,8.89M,0.98%
2022-08-26,25100.0,25700.0,25800.0,25100.0,10.74M,-2.14%
2022-08-29,24850.0,24700.0,24850.0,24050.0,15.06M,-1.00%
2022-08-30,24650.0,24900.0,25100.0,24650.0,8.08M,-0.80%
2022-08-31,24800.0,24550.0,24900.0,24400.0,7.67M,0.61%
2022-09-05,24700.0,24700.0,24850.0,24600.0,5.29M,-0.40%
2022-09-06,24700.0,24700.0,25050.0,24650.0,6.31M,0.00%
2022-09-07,24350.0,24700.0,25450.0,24350.0,22.42M,-1.42%
2022-09-08,23900.0,24700.0,24700.0,23900.0,10.36M,-1.85%
2022-09-09,23750.0,24000.0,24050.0,22650.0,21.14M,-0.63%
2022-09-12,23100.0,23750.0,23900.0,23100.0,5.73M,-2.74%
2022-09-13,23050.0,23000.0,23450.0,23000.0,6.53M,-0.22%
2022-09-14,23050.0,22650.0,23050.0,22500.0,10.17M,0.00%
2022-09-15,23050.0,23250.0,23350.0,22800.0,8.40M,0.00%
2022-09-16,22450.0,22950.0,23000.0,22450.0,16.35M,-2.60%
2022-09-19,21600.0,22600.0,22650.0,21600.0,10.74M,-3.79%
2022-09-20,22150.0,21900.0,22300.0,21650.0,6.37M,2.55%
2022-09-21,21750.0,22050.0,22100.0,21750.0,3.71M,-1.81%
2022-09-22,21950.0,21450.0,21950.0,21450.0,5.22M,0.92%
2022-09-23,21450.0,21800.0,22000.0,21450.0,6.96M,-2.28%
2022-09-26,20500.0,20950.0,21000.0,20250.0,16.61M,-4.43%
2022-09-27,20500.0,20800.0,20800.0,20400.0,5.44M,0.00%
2022-09-28,20300.0,20200.0,20600.0,20150.0,6.50M,-0.98%
2022-09-29,19700.0,20600.0,20700.0,19700.0,7.93M,-2.96%
2022-09-30,20600.0,19600.0,20800.0,19500.0,16.49M,4.57%
2022-10-03,19200.0,20300.0,20400.0,19200.0,14.94M,-6.80%
2022-10-04,18750.0,19750.0,19750.0,18600.0,15.97M,-2.34%
2022-10-05,19250.0,19350.0,19500.0,19000.0,10.61M,2.67%
2022-10-06,18000.0,19350.0,19350.0,17950.0,18.66M,-6.49%
2022-10-07,16750.0,17600.0,17600.0,16750.0,40.98M,-6.94%
2022-10-10,17000.0,16200.0,17250.0,15750.0,34.12M,1.49%
2022-10-11,15850.0,16950.0,17000.0,15850.0,24.98M,-6.76%
2022-10-12,16950.0,15950.0,16950.0,15900.0,15.16M,6.94%
2022-10-13,17650.0,17050.0,17700.0,16950.0,16.49M,4.13%
2022-10-14,17650.0,18100.0,18100.0,17450.0,25.07M,0.00%
2022-10-17,18150.0,17450.0,18150.0,17300.0,12.85M,2.83%
2022-10-18,17700.0,18500.0,18650.0,17500.0,14.15M,-2.48%
2022-10-19,17300.0,17750.0,17850.0,16900.0,17.99M,-2.26%
2022-10-20,17150.0,17250.0,17750.0,16900.0,13.25M,-0.87%
2022-10-21,15950.0,17100.0,17250.0,15950.0,22.53M,-7.00%
2022-10-24,14850.0,16050.0,16350.0,14850.0,27.15M,-6.90%
2022-10-25,14900.0,14900.0,15850.0,14050.0,22.83M,0.34%
2022-10-26,15000.0,15150.0,15400.0,14800.0,7.62M,0.67%
2022-10-27,16050.0,15000.0,16050.0,15000.0,21.99M,7.00%
2022-10-28,16150.0,16450.0,16850.0,16100.0,18.82M,0.62%
2022-10-31,16150.0,16200.0,16500.0,15600.0,16.78M,0.00%
2022-11-01,16900.0,16500.0,17250.0,16350.0,29.46M,4.64%
2022-11-02,16900.0,16900.0,17300.0,16750.0,19.12M,0.00%
2022-11-03,17250.0,16800.0,17450.0,16800.0,19.53M,2.07%
2022-11-04,16600.0,17050.0,17250.0,16050.0,32.10M,-3.77%
2022-11-07,15500.0,16350.0,16700.0,15500.0,20.70M,-6.63%
2022-11-08,16450.0,15500.0,16550.0,15300.0,22.03M,6.13%
2022-11-09,16250.0,16800.0,17050.0,15800.0,35.90M,-1.22%
2022-11-10,15150.0,16000.0,16250.0,15150.0,37.39M,-6.77%
2022-11-11,15600.0,15600.0,16200.0,15450.0,39.52M,2.97%
2022-11-14,15850.0,15450.0,16100.0,14850.0,36.93M,1.60%
2022-11-15,15100.0,15750.0,16000.0,14850.0,27.65M,-4.73%
2022-11-16,16150.0,14800.0,16150.0,14450.0,29.34M,6.95%
2022-11-17,17200.0,16900.0,17250.0,16600.0,35.15M,6.50%
2022-11-18,17100.0,16950.0,17650.0,16450.0,32.56M,-0.58%
2022-11-21,16700.0,17300.0,17400.0,16700.0,17.50M,-2.34%
2022-11-22,16900.0,16600.0,17850.0,16600.0,30.78M,1.20%
2022-11-23,17500.0,16900.0,17900.0,16900.0,25.67M,3.55%
2022-11-24,18200.0,17300.0,18200.0,16900.0,18.31M,4.00%
2022-11-25,18900.0,18500.0,18950.0,18000.0,24.96M,3.85%
2022-11-28,19700.0,19100.0,19750.0,19050.0,28.23M,4.23%
2022-11-29,19750.0,19500.0,19950.0,18900.0,26.28M,0.25%
2022-11-30,20000.0,19550.0,20200.0,19150.0,25.46M,1.27%
2022-12-01,19500.0,20200.0,21100.0,19500.0,39.13M,-2.50%
2022-12-02,20850.0,19800.0,20850.0,19500.0,27.69M,6.92%
2022-12-05,22300.0,22300.0,22300.0,21850.0,38.51M,6.95%
2022-12-06,20750.0,22250.0,22650.0,20750.0,49.35M,-6.95%
2022-12-07,20300.0,20550.0,20900.0,19700.0,27.77M,-2.17%
2022-12-08,21700.0,20750.0,21700.0,20750.0,20.04M,6.90%
2022-12-09,22400.0,22500.0,22600.0,21900.0,26.47M,3.23%
2022-12-12,21300.0,22500.0,22600.0,21300.0,20.77M,-4.91%
2022-12-13,22550.0,21350.0,22600.0,21050.0,25.99M,5.87%
2022-12-14,23250.0,23000.0,23500.0,22700.0,21.02M,3.10%
2022-12-15,23250.0,23100.0,23650.0,22650.0,20.33M,0.00%
2022-12-16,22800.0,22850.0,23200.0,22550.0,25.28M,-1.94%
2022-12-19,22400.0,23000.0,23400.0,22400.0,23.18M,-1.75%
2022-12-20,22450.0,22000.0,22450.0,21250.0,28.92M,0.22%
2022-12-21,23550.0,22750.0,23800.0,22300.0,35.45M,4.90%
2022-12-22,23400.0,23750.0,24150.0,23100.0,17.47M,-0.64%
2022-12-23,23500.0,23450.0,23700.0,22900.0,13.23M,0.43%
2022-12-26,21900.0,23450.0,23550.0,21900.0,20.49M,-6.81%
2022-12-27,22500.0,22000.0,23000.0,21850.0,20.84M,2.74%
2022-12-28,22900.0,22600.0,23000.0,22050.0,15.20M,1.78%
2022-12-29,22350.0,22700.0,22950.0,22350.0,9.45M,-2.40%
2022-12-30,22500.0,22600.0,22700.0,22200.0,10.62M,0.67%
2023-01-03,23500.0,22500.0,23600.0,22500.0,16.25M,4.44%
2023-01-04,23300.0,23600.0,24100.0,23300.0,18.04M,-0.85%
2023-01-05,24200.0,23400.0,24250.0,23400.0,19.22M,3.86%
2023-01-06,24300.0,24250.0,25100.0,24100.0,25.67M,0.41%
2023-01-09,24650.0,24600.0,25000.0,24200.0,13.24M,1.44%
2023-01-10,24950.0,24650.0,25300.0,24150.0,14.76M,1.22%
2023-01-11,24700.0,25250.0,25400.0,24700.0,10.08M,-1.00%
2023-01-12,24950.0,24900.0,24950.0,24550.0,7.15M,1.01%
2023-01-13,25300.0,25150.0,25450.0,24950.0,13.35M,1.40%
2023-01-16,25500.0,25400.0,25550.0,25000.0,7.93M,0.79%
2023-01-17,26550.0,25500.0,26550.0,25500.0,14.39M,4.12%
2023-01-18,26800.0,26550.0,26850.0,26550.0,8.51M,0.94%
2023-01-19,26800.0,26550.0,27000.0,26500.0,12.06M,0.00%
2023-01-27,26650.0,27100.0,27400.0,26650.0,8.53M,-0.56%
2023-01-30,25850.0,26500.0,26650.0,25850.0,18.54M,-3.00%
2023-01-31,27100.0,25850.0,27100.0,25150.0,25.36M,4.84%
2023-02-01,25650.0,27100.0,27300.0,25400.0,16.20M,-5.35%
2023-02-02,26150.0,25700.0,26350.0,25400.0,18.43M,1.95%
2023-02-03,26050.0,26350.0,27150.0,26050.0,30.63M,-0.38%
2023-02-06,25700.0,26100.0,26400.0,25600.0,19.36M,-1.34%
2023-02-07,25750.0,25900.0,26300.0,25550.0,19.76M,0.19%
2023-02-08,25000.0,25900.0,25950.0,25000.0,28.19M,-2.91%
2023-02-09,24450.0,25200.0,25700.0,24200.0,37.34M,-2.20%
2023-02-10,23650.0,24500.0,24800.0,23650.0,16.17M,-3.27%
2023-02-13,24500.0,23800.0,24500.0,23350.0,17.39M,3.59%
2023-02-14,24400.0,24500.0,24850.0,24050.0,9.25M,-0.41%
2023-02-15,23350.0,24100.0,24600.0,22950.0,33.36M,-4.30%
2023-02-16,23900.0,23750.0,24250.0,23450.0,15.37M,2.36%
2023-02-17,24400.0,24600.0,24900.0,24350.0,17.98M,2.09%
2023-02-20,25700.0,24300.0,25700.0,24200.0,20.15M,5.33%
2023-02-21,25350.0,25950.0,26100.0,25350.0,16.56M,-1.36%
2023-02-22,24700.0,25100.0,25500.0,24700.0,18.52M,-2.56%
2023-02-23,25000.0,24600.0,25000.0,24050.0,14.25M,1.21%
2023-02-24,24300.0,25050.0,25050.0,24300.0,8.46M,-2.80%
2023-02-27,23600.0,24000.0,24200.0,23600.0,13.40M,-2.88%
2023-02-28,23750.0,23950.0,24000.0,23600.0,6.46M,0.64%
2023-03-01,25400.0,23600.0,25400.0,23600.0,21.61M,6.95%
2023-03-02,25600.0,25400.0,25700.0,25200.0,11.12M,0.79%
2023-03-03,25000.0,25650.0,25750.0,25000.0,11.81M,-2.34%
2023-03-06,24900.0,25250.0,25600.0,24700.0,18.56M,-0.40%
2023-03-07,25000.0,25050.0,25300.0,24850.0,15.48M,0.40%
2023-03-08,25350.0,24850.0,25350.0,24850.0,13.74M,1.40%
2023-03-09,26500.0,25500.0,27100.0,25450.0,42.58M,4.54%
2023-03-10,26000.0,26500.0,26850.0,25950.0,23.48M,-1.89%
2023-03-13,25000.0,25600.0,25750.0,25000.0,29.61M,-3.85%
2023-03-14,24400.0,24900.0,25050.0,24100.0,25.33M,-2.40%
2023-03-15,25350.0,25100.0,25500.0,24900.0,20.10M,3.89%
2023-03-16,24600.0,24800.0,24950.0,24500.0,19.67M,-2.96%
2023-03-17,25050.0,24750.0,25050.0,24550.0,21.26M,1.83%
2023-03-20,24200.0,25000.0,25050.0,24200.0,16.97M,-3.39%
2023-03-21,24600.0,24500.0,24650.0,24150.0,10.86M,1.65%
2023-03-22,24800.0,24750.0,25250.0,24600.0,16.55M,0.81%
2023-03-23,25000.0,24550.0,25150.0,24500.0,12.24M,0.81%
2023-03-24,25050.0,25250.0,25550.0,25050.0,16.11M,0.20%
2023-03-27,25500.0,25050.0,25700.0,24950.0,16.70M,1.80%
2023-03-28,25400.0,25900.0,26000.0,25300.0,17.18M,-0.39%
2023-03-29,25350.0,25500.0,25650.0,25150.0,16.81M,-0.20%
2023-03-30,26000.0,25700.0,26450.0,25400.0,39.40M,2.56%
2023-03-31,26200.0,26000.0,26350.0,25850.0,22.41M,0.77%